approach,model,task,segment_interval,number_of_users,accuracy,accuracy_sd,true_confidence,true_confidence_sd,false_confidence,false_confidence_sd,user_accuracies,user_accuracies_sd,user_true_confidences,user_true_confidences_sd,user_false_confidences,user_false_confidences_sd,feature_frequency,epochs
PerSeanceApproach,RandomForest,1,8,3,0.8546813697022835,0.1504588011149739,0.8175183366176407,0.0955182578398605,0.6155357245904691,0.10914268831423526,"{7: 0.9912878787878787, 8: 0.9895391574780887, 10: 0.9911148132722477, 11: 0.9866969500324464, 13: 0.47935935032709226, 14: 0.8612756578041054, 16: 0.9913743530764809, 17: 0.9471208434712085, 18: 0.73039914468995, 20: 0.5461085676913014, 21: 0.6904761904761905, 22: 0.7533596837944664, 23: 0.9306885544915641, 24: 0.8999269539810079, 25: 0.9821848739495799, 26: 0.8852051388313301, 27: 0.8167708333333333}","{7: 0.03588502901798564, 8: 0.06853396110206703, 10: 0.026514911918123923, 11: 0.015236024506001153, 13: 0.34773567437815245, 14: 0.21860002339920562, 16: 0.02479140688399423, 17: 0.12458835922611258, 18: 0.20354439037079253, 20: 0.37512671688508226, 21: 0.38327133449731554, 22: 0.29679721151821764, 23: 0.1102799625884017, 24: 0.126902611446463, 25: 0.030435485256510006, 26: 0.17644422249019334, 27: 0.2405566506462436}","{7: 0.9843947754854752, 8: 0.9708113043977759, 10: 0.9079562488514591, 11: 0.9358253207482065, 13: 0.6540411518208038, 14: 0.781323001261356, 16: 0.8937062614410121, 17: 0.8663445894800469, 18: 0.7196726840435872, 20: 0.6158703685321747, 21: 0.7343541558078481, 22: 0.7365044277603469, 23: 0.8588818125316645, 24: 0.7953319020718016, 25: 0.9247391259524453, 26: 0.7914562720960122, 27: 0.719960876273656}","{7: 0.05247039709603536, 8: 0.03290165599930766, 10: 0.06945372442607343, 11: 0.03955908327578928, 13: 0.14430281344625365, 14: 0.09728338333280794, 16: 0.05086521142778531, 17: 0.07286334341392087, 18: 0.12442028318764667, 20: 0.11542325246079982, 21: 0.15487546020744697, 22: 0.12969176640613414, 23: 0.07181039218997098, 24: 0.09223552163233302, 25: 0.05067436332562597, 26: 0.11348923078542478, 27: 0.13637928521843085}","{7: 0.798193758517717, 8: 0.7508432415674604, 10: 0.5380775602002166, 11: 0.5449419944638694, 13: 0.5769424701467002, 14: 0.5544536178751247, 16: 0.6167018814800368, 17: 0.6033111487950522, 18: 0.591587255481905, 20: 0.591253597139371, 21: 0.6218362080165521, 22: 0.6449800614487061, 23: 0.5935022604155432, 24: 0.6451084993712043, 25: 0.6490508247056428, 26: 0.6171948745431319, 27: 0.6249499569874559}","{7: 0.16928736708458073, 8: 0.09268231613667934, 10: 0.09755519622752186, 11: 0.09299341551857322, 13: 0.10645580600213826, 14: 0.07808979819130964, 16: 0.1069142023958427, 17: 0.08327493628344242, 18: 0.1017539380552997, 20: 0.1282293636415892, 21: 0.13088023215916325, 22: 0.11758117168155821, 23: 0.12403325759715002, 24: 0.149321437173587, 25: 0.12549394187772778, 26: 0.1325821323494124, 27: 0.10265944626217072}","{'fd_bin_std': 0.17483443708609273, 'fd_bin_max': 0.1880794701986755, 'fd_bin_0': 0.1986754966887417, 'fd_bin_min': 0.06490066225165562, 'fd_bin_7': 0.015894039735099338, 'fd_bin_mean': 0.18410596026490067, 'ax_me': 0.7655629139072848, 'fd_sd': 0.2635761589403974, 'gz_me': 0.8688741721854305, 'fd_me': 0.7907284768211921, 'fb_me': 0.46622516556291393, 'fd_bin_4': 0.09668874172185431, 'fd_bin_3': 0.12450331125827814, 'ay_me': 0.6966887417218544, 'g_me': 0.19602649006622516, 'nr_me': 0.18410596026490067, 'm_min': 0.6211920529801325, 'm_me': 0.528476821192053, 'm_max': 0.5920529801324503, 'gx_me': 0.671523178807947, 'fa_bin_4': 0.04105960264900662, 'fa_me': 0.5298013245033113, 'fc_me': 0.23973509933774834, 'a_me': 0.2609271523178808, 'fa_bin_9': 0.038410596026490065, 'fa_sd': 0.02913907284768212, 'fa_bin_min': 0.038410596026490065, 'fa_bin_mean': 0.02781456953642384, 'ns_me': 0.05827814569536424, 'fa_bin_6': 0.018543046357615896, 'fa_bin_8': 0.022516556291390728, 'gy_me': 0.0423841059602649, 'gz_bin_mean': 0.01456953642384106, 'fd_bin_1': 0.1456953642384106, 'fd_bin_8': 0.039735099337748346, 'fd_mcr': 0.05562913907284768, 'fd_bin_9': 0.04900662251655629, 'fa_bin_std': 0.005298013245033113, 'gz_sd': 0.03443708609271523, 'fd_bin_2': 0.09801324503311258, 'fa_bin_2': 0.013245033112582781, 'fd_bin_5': 0.08211920529801324, 'cd_me': 0.030463576158940398, 'cc_min': 0.033112582781456956, 'fa_bin_3': 0.006622516556291391, 'fa_bin_1': 0.017218543046357615, 'fb_sd': 0.0026490066225165563, 'cc_me': 0.04900662251655629, 'ax_mcr': 0.007947019867549669, 'ay_mai': 0.0026490066225165563, 'gy_bin_3': 0.009271523178807948, 'az_me': 0.039735099337748346, 'cb_min': 0.009271523178807948, 'ca_min': 0.02384105960264901, 'cd_max': 0.010596026490066225, 'cb_me': 0.025165562913907286, 'fd_bin_6': 0.030463576158940398, 'fa_mcr': 0.003973509933774834, 'ca_me': 0.010596026490066225, 'cd_min': 0.003973509933774834, 'fa_bin_7': 0.011920529801324504, 'gy_bin_mean': 0.0013245033112582781, 'g_sd': 0.013245033112582781, 'gy_bin_9': 0.007947019867549669, 'gy_sd': 0.011920529801324504, 'gx_sd': 0.0026490066225165563, 'ay_sd': 0.005298013245033113, 'fa_bin_max': 0.011920529801324504, 'gy_bin_4': 0.010596026490066225, 'gy_bin_std': 0.0013245033112582781, 'fa_bin_5': 0.003973509933774834, 'cc_max': 0.0026490066225165563, 'gy_bin_7': 0.003973509933774834, 'gy_bin_min': 0.0013245033112582781, 'ax_bin_6': 0.0013245033112582781, 'fa_bin_0': 0.006622516556291391, 'c_min': 0.0026490066225165563, 'az_bin_4': 0.0013245033112582781, 'a_sd': 0.0013245033112582781, 'fc_bin_0': 0.0013245033112582781, 'fc_bin_std': 0.0013245033112582781}",755
PerSeanceApproach,RandomForest,2,8,3,0.8144759037284333,0.20757676571439074,0.8270818857022373,0.09980534102694656,0.6024248436182164,0.12154974461108912,"{7: 1.0, 8: 0.7591327913279132, 9: 0.4633260711692084, 10: 0.061629811629811626, 11: 1.0, 13: 0.38988988988988993, 14: 0.8806119055537082, 15: 0.9486380759200232, 16: 0.9840323201231241, 17: 0.9573257467994309, 18: 0.7914093206064009, 19: 0.967304300637634, 20: 0.8293040293040292, 21: 0.7418560606060606, 22: 0.878246753246753, 23: 0.9206317473010797, 24: 0.8062290969899666, 25: 0.989367816091954, 26: 0.9788775824853532, 27: 0.9710781344639613}","{7: 0.0, 8: 0.38372957896658244, 9: 0.3976092888956185, 10: 0.20644507361061978, 11: 0.0, 13: 0.43060876953551397, 14: 0.2817686363763787, 15: 0.06939922862173573, 16: 0.04769979645260964, 17: 0.08027852665446635, 18: 0.3053834116159456, 19: 0.07799083166216263, 20: 0.29329521878602915, 21: 0.3891366157633227, 22: 0.17491082709863875, 23: 0.11548475433292818, 24: 0.20248004695192337, 25: 0.024211368854746392, 26: 0.03265850128758051, 27: 0.06042267218216144}","{7: 0.9647244665803538, 8: 0.7052289301390869, 9: 0.6001396402916735, 10: 0.4921448575102494, 11: 0.9596312805366678, 13: 0.6053541800765793, 14: 0.8183981071446202, 15: 0.8575440824914256, 16: 0.9404502704292962, 17: 0.9610860518287184, 18: 0.8078856340154517, 19: 0.9134880743694693, 20: 0.6927726578090291, 21: 0.7804168221515898, 22: 0.7270667810609256, 23: 0.8620464350298483, 24: 0.7053357329215761, 25: 0.8657804800542237, 26: 0.8973292808817716, 27: 0.8716771337153768}","{7: 0.04160488174610351, 8: 0.15989368539841448, 9: 0.11292086344913158, 10: 0.07476453418824329, 11: 0.03778736905571786, 13: 0.19706337895965723, 14: 0.0998955808573419, 15: 0.06512336345328074, 16: 0.04510138866493638, 17: 0.03756395206642191, 18: 0.1837827370919157, 19: 0.05512605730327172, 20: 0.1203204580076155, 21: 0.14509370751938075, 22: 0.1114086745793047, 23: 0.08039727636634622, 24: 0.10332244993248497, 25: 0.08628524476415603, 26: 0.08092599227624098, 27: 0.07244802966825872}","{7: nan, 8: 0.5765289249215693, 9: 0.635134210669054, 10: 0.6983087803401753, 11: nan, 13: 0.5797084854587551, 14: 0.5959578287441931, 15: 0.5739331709276267, 16: 0.573518216175359, 17: 0.5989097394933678, 18: 0.634913418380743, 19: 0.5616880534582289, 20: 0.5949905396918365, 21: 0.6605751470652019, 22: 0.6211076861472584, 23: 0.6119115028392691, 24: 0.5999463473840919, 25: 0.5610737797493167, 26: 0.5533200231481481, 27: 0.540392333705811}","{7: nan, 8: 0.15837311968002746, 9: 0.12915281938171974, 10: 0.16477056168957133, 11: nan, 13: 0.11903089312560067, 14: 0.14281393269078457, 15: 0.1088834399844667, 16: 0.109901474101481, 17: 0.07381451680083027, 18: 0.07560439848524647, 19: 0.08633329032855633, 20: 0.12115406340782643, 21: 0.18740375795757708, 22: 0.1490044463016775, 23: 0.11751077898141647, 24: 0.17390634946914493, 25: 0.06859428462492605, 26: 0.10576875014537816, 27: 0.07157560580595362}","{'m_min': 0.5344129554655871, 'gy_me': 0.09986504723346828, 'fd_me': 0.5897435897435898, 'fb_me': 0.3967611336032389, 'fa_me': 0.3616734143049933, 'nr_me': 0.25371120107962214, 'ay_me': 0.8690958164642375, 'gx_me': 0.7732793522267206, 'ax_me': 0.9001349527665317, 'gz_me': 0.8987854251012146, 'm_me': 0.4426450742240216, 'c_me': 0.009446693657219974, 'g_me': 0.10526315789473684, 'gz_bin_max': 0.002699055330634278, 'gz_bin_0': 0.004048582995951417, 'm_max': 0.45479082321187586, 'a_me': 0.5964912280701754, 'fa_bin_5': 0.1039136302294197, 'fa_bin_8': 0.07557354925775979, 'fa_bin_2': 0.05668016194331984, 'fc_me': 0.24561403508771928, 'cb_min': 0.022941970310391364, 'az_me': 0.09986504723346828, 'gz_sd': 0.07557354925775979, 'ay_mcr': 0.19298245614035087, 'fa_bin_max': 0.07017543859649122, 'fa_bin_6': 0.058029689608636977, 'fa_bin_mean': 0.1241565452091768, 'fd_bin_max': 0.05263157894736842, 'fd_bin_std': 0.05263157894736842, 'cc_me': 0.006747638326585695, 'ay_sd': 0.020242914979757085, 'fa_bin_0': 0.07017543859649122, 'fa_sd': 0.044534412955465584, 'fa_bin_std': 0.08771929824561403, 'fa_bin_1': 0.09176788124156546, 'fd_bin_4': 0.058029689608636977, 'fd_bin_0': 0.03643724696356275, 'fd_bin_9': 0.029689608636977057, 'fd_bin_5': 0.06477732793522267, 'fd_bin_mean': 0.09851551956815115, 'fd_bin_7': 0.02834008097165992, 'gz_bin_mean': 0.032388663967611336, 'fa_bin_9': 0.04588394062078273, 'gy_mcr': 0.002699055330634278, 'fd_bin_8': 0.04183535762483131, 'fd_bin_min': 0.03913630229419703, 'fa_bin_7': 0.06072874493927125, 'fa_bin_3': 0.04723346828609987, 'az_mcr': 0.016194331983805668, 'a_mcr': 0.020242914979757085, 'fd_bin_6': 0.033738191632928474, 'fd_sd': 0.04723346828609987, 'fa_bin_4': 0.0620782726045884, 'fd_bin_3': 0.0310391363022942, 'gx_bin_mean': 0.006747638326585695, 'gx_sd': 0.01349527665317139, 'fa_bin_min': 0.0310391363022942, 'cb_me': 0.0310391363022942, 'ax_mcr': 0.03913630229419703, 'ns_me': 0.032388663967611336, 'cd_me': 0.01349527665317139, 'fd_bin_1': 0.05668016194331984, 'fd_mcr': 0.004048582995951417, 'ax_mai': 0.002699055330634278, 'ax_bin_4': 0.002699055330634278, 'gz_bin_4': 0.009446693657219974, 'fd_bin_2': 0.043184885290148446, 'fb_bin_0': 0.002699055330634278, 'c_min': 0.012145748987854251, 'fa_mcr': 0.002699055330634278, 'cd_min': 0.002699055330634278, 'cc_min': 0.006747638326585695, 'ay_mai': 0.001349527665317139, 'gz_bin_min': 0.009446693657219974, 'gx_bin_4': 0.005398110661268556, 'gx_bin_3': 0.001349527665317139, 'cd_max': 0.001349527665317139, 'g_sd': 0.002699055330634278, 'ca_min': 0.004048582995951417, 'ca_me': 0.005398110661268556, 'gx_bin_7': 0.002699055330634278, 'fb_bin_max': 0.002699055330634278, 'gz_bin_7': 0.002699055330634278, 'gy_bin_5': 0.002699055330634278, 'ca_max': 0.001349527665317139, 'gy_bin_4': 0.002699055330634278}",741
PerSeanceApproach,RandomForest,3,8,3,0.8277358662198783,0.20540595883134438,0.8223808686471176,0.09450944036478408,0.6078208065055775,0.12814713626452412,"{7: 0.8884268884268886, 8: 0.9314695695200396, 9: 0.9951298701298701, 10: 0.267139090309822, 11: 0.9877567960157708, 13: 0.5612541528239202, 15: 0.9665200391006843, 16: 0.9953007518796992, 17: 0.873081463990555, 18: 0.68671679197995, 19: 0.9872800508797964, 21: 0.7265625, 22: 0.5995475113122172, 23: 0.9366391184573003, 24: 0.8817629179331307, 25: 0.924812030075188, 26: 0.97825311942959, 27: 0.9988776655443322}","{7: 0.2106174929852987, 8: 0.1444526362337966, 9: 0.02255997095728457, 10: 0.40412508652036866, 11: 0.10812904982638369, 13: 0.40731058117876295, 15: 0.11870847564034667, 16: 0.012821667875740062, 17: 0.20798791028368505, 18: 0.4331186748268345, 19: 0.045411386219923064, 21: 0.40931185726944036, 22: 0.285807594441644, 23: 0.17474394010612856, 24: 0.17595844177519482, 25: 0.20992125726787544, 26: 0.031046760865707297, 27: 0.007053762676754502}","{7: 0.8405172200583191, 8: 0.9121558132442117, 9: 0.9073468875162881, 10: 0.5622280660618091, 11: 0.7993192188725364, 13: 0.5978601561606535, 15: 0.852397682470889, 16: 0.9428389929287994, 17: 0.9006417231219094, 18: 0.7185610292766835, 19: 0.9067511280966148, 21: 0.7199366783684641, 22: 0.6927611583879489, 23: 0.8742115632858067, 24: 0.7978358786973546, 25: 0.76983949937068, 26: 0.9436161766695315, 27: 0.8811849734749868}","{7: 0.14943460378290133, 8: 0.06523478945445489, 9: 0.06173225281841212, 10: 0.13009066106773998, 11: 0.14606839276202224, 13: 0.11585247764805061, 15: 0.09399652516735847, 16: 0.05405572506487476, 17: 0.06785643159147885, 18: 0.16103292291816293, 19: 0.04344897343038785, 21: 0.13143708151968392, 22: 0.10889275338354532, 23: 0.10581376510416597, 24: 0.09432732952929739, 25: 0.13621335834475998, 26: 0.1038097232486149, 27: 0.12966353208342424}","{7: 0.6646494313812691, 8: 0.630028076226229, 9: 0.533735863095238, 10: 0.6499265115143399, 11: 0.4980084745762712, 13: 0.5677342244797169, 15: 0.5783733579638752, 16: 0.5763964646464647, 17: 0.6076174082100191, 18: 0.6307076978049365, 19: 0.5150210400132275, 21: 0.6104386024427749, 22: 0.6279565889472325, 23: 0.593738087005867, 24: 0.6688505585185106, 25: 0.5358751169948066, 26: 0.6749868879155436, 27: 0.48}","{7: 0.14595172642718168, 8: 0.09400314885499199, 9: 0.039643871837379954, 10: 0.16908559627053416, 11: 0.0, 13: 0.09893780205555104, 15: 0.11940316571864869, 16: 0.11855567512685858, 17: 0.11213690213356294, 18: 0.10800233794629795, 19: 0.10843471090155797, 21: 0.1649435701669765, 22: 0.13925732043522196, 23: 0.12829786794443318, 24: 0.16173243127736847, 25: 0.07552217323981382, 26: 0.17177659198920922, 27: 0.0025000000000000022}","{'az_mcr': 0.015238095238095238, 'fd_me': 0.6857142857142857, 'fc_me': 0.4228571428571429, 'fa_me': 0.6780952380952381, 'ay_me': 0.8438095238095238, 'az_me': 0.4057142857142857, 'a_me': 0.7123809523809523, 'gx_me': 0.7371428571428571, 'gz_me': 0.8038095238095239, 'ax_me': 0.8933333333333333, 'fd_bin_std': 0.049523809523809526, 'm_me': 0.13142857142857142, 'fd_bin_max': 0.0838095238095238, 'fb_me': 0.3161904761904762, 'm_min': 0.14095238095238094, 'fd_bin_mean': 0.09142857142857143, 'fd_sd': 0.15047619047619049, 'ay_mcr': 0.36, 'm_max': 0.09523809523809523, 'fa_bin_2': 0.09523809523809523, 'gy_me': 0.32, 'fa_sd': 0.09333333333333334, 'fa_bin_1': 0.049523809523809526, 'fa_bin_5': 0.03238095238095238, 'g_me': 0.21904761904761905, 'ax_mcr': 0.2742857142857143, 'gz_bin_mean': 0.007619047619047619, 'gz_sd': 0.09523809523809523, 'fd_bin_8': 0.02666666666666667, 'fd_bin_5': 0.02857142857142857, 'ns_me': 0.06285714285714286, 'fd_bin_min': 0.02666666666666667, 'fd_bin_7': 0.015238095238095238, 'fd_bin_4': 0.017142857142857144, 'fa_bin_4': 0.05904761904761905, 'fa_bin_7': 0.09523809523809523, 'fa_bin_6': 0.05523809523809524, 'fa_bin_3': 0.06476190476190476, 'fd_bin_6': 0.011428571428571429, 'fa_bin_mean': 0.07047619047619047, 'ay_mai': 0.03428571428571429, 'ay_sd': 0.05142857142857143, 'fa_bin_std': 0.049523809523809526, 'nr_me': 0.08190476190476191, 'fa_bin_9': 0.024761904761904763, 'fa_bin_8': 0.02857142857142857, 'fa_bin_max': 0.04380952380952381, 'fa_bin_0': 0.05142857142857143, 'fd_bin_1': 0.022857142857142857, 'fa_bin_min': 0.0419047619047619, 'fd_bin_0': 0.049523809523809526, 'fa_mcr': 0.007619047619047619, 'fd_bin_9': 0.03238095238095238, 'fd_bin_3': 0.013333333333333334, 'ax_sd': 0.03619047619047619, 'ax_mai': 0.0380952380952381, 'a_mcr': 0.005714285714285714, 'fd_bin_2': 0.009523809523809525, 'c_max': 0.0019047619047619048, 'cb_me': 0.0019047619047619048, 'cc_min': 0.0019047619047619048, 'c_me': 0.005714285714285714, 'cc_me': 0.0038095238095238095, 'c_min': 0.0019047619047619048, 'fd_mcr': 0.009523809523809525, 'ax_bin_mean': 0.0019047619047619048, 'gx_bin_mean': 0.009523809523809525, 'ca_me': 0.0019047619047619048}",525
PerSeanceApproach,RandomForest,1,8,7,0.7517537368483082,0.10248158660311416,0.675663533153948,0.06434772347950296,0.4770544408899156,0.0636057683155878,"{7: 0.9766975308641975, 8: 0.9661835748792271, 10: 0.9841682127396413, 11: 0.9734613212874083, 13: 0.13572732805842969, 14: 0.7858670196517665, 16: 0.9833438089252041, 17: 0.9693693693693693, 18: 0.6399823736780259, 20: 0.18347862183478622, 21: 0.28737244897959185, 22: 0.4701064701064701, 23: 0.9333083551892093, 24: 0.798489666136725, 25: 0.9724832214765099, 26: 0.6451355661881978, 27: 0.7969714506172839}","{7: 0.08051371246649813, 8: 0.02385365796515431, 10: 0.059884386028711975, 11: 0.01684757622567553, 13: 0.17061982889239805, 14: 0.19593647058571564, 16: 0.023194152715405446, 17: 0.040385645590223125, 18: 0.18887982557872157, 20: 0.2703596510995113, 21: 0.3427187211084464, 22: 0.3636787868798341, 23: 0.06465836376402032, 24: 0.15925007294511878, 25: 0.0202635666798452, 26: 0.23046721076002966, 27: 0.17481782806177182}","{7: 0.7584016586218342, 8: 0.8422129000916007, 10: 0.8066213969934913, 11: 0.8858141961558449, 13: 0.46501160389116347, 14: 0.6134136596065883, 16: 0.8043077877487077, 17: 0.7854289073257594, 18: 0.572902135114362, 20: 0.4477581866397055, 21: 0.4808046839276159, 22: 0.47298377890204973, 23: 0.7589706582713722, 24: 0.6316633902057196, 25: 0.8488856398334442, 26: 0.5699932802408978, 27: 0.5653515392625091}","{7: 0.1159169683525206, 8: 0.04384894244488593, 10: 0.06558204970652236, 11: 0.041261304448280085, 13: 0.12143942532661503, 14: 0.08633842335169499, 16: 0.049888872562430776, 17: 0.04413873036020734, 18: 0.07989960622628733, 20: 0.05830509362555512, 21: 0.1156801126136401, 22: 0.09377767352987332, 23: 0.06229127639698241, 24: 0.07924122615632437, 25: 0.05455325197154458, 26: 0.09444781643157273, 27: 0.10388811690644904}","{7: 0.4933258778955626, 8: 0.45301712600602106, 10: 0.5085587208477506, 11: 0.39342605929956503, 13: 0.4542599765845531, 14: 0.44058777999211246, 16: 0.47748415074762945, 17: 0.5663513110717497, 18: 0.4467915619341519, 20: 0.4916670828401794, 21: 0.5289270706461464, 22: 0.5587373795059759, 23: 0.4049833255007954, 24: 0.4899429444408246, 25: 0.5269637992571107, 26: 0.46256372137425705, 27: 0.48045699576238904}","{7: 0.11647528183708021, 8: 0.09082846442234495, 10: 0.07317640582887466, 11: 0.08021024203311963, 13: 0.09160239873311779, 14: 0.08802178304985554, 16: 0.13312596806346477, 17: 0.07563556379637983, 18: 0.09816879751313524, 20: 0.10445313433495156, 21: 0.13606820663535038, 22: 0.113120608339765, 23: 0.09174355009335858, 24: 0.08462237645855798, 25: 0.08988208259224822, 26: 0.11277036932303715, 27: 0.08008925519697431}","{'fb_me': 0.7704485488126649, 'a_me': 0.1820580474934037, 'ay_me': 0.9736147757255936, 'm_max': 0.8865435356200527, 'fd_me': 0.9709762532981531, 'm_me': 0.8443271767810027, 'm_min': 0.9472295514511874, 'gz_me': 1.0, 'gx_me': 0.8839050131926122, 'ax_me': 0.9868073878627969, 'fc_me': 0.29023746701846964, 'fa_me': 0.7572559366754618, 'nr_me': 0.047493403693931395, 'fd_sd': 0.19788918205804748, 'fd_bin_1': 0.036939313984168866, 'fd_bin_std': 0.05013192612137203, 'fd_bin_2': 0.0079155672823219, 'g_me': 0.06596306068601583, 'fd_bin_mean': 0.047493403693931395, 'fd_bin_max': 0.013192612137203167, 'fd_bin_0': 0.036939313984168866, 'fd_bin_3': 0.002638522427440633}",379
PerSeanceApproach,RandomForest,2,8,7,0.6730341318554992,0.1523280978419134,0.6779551147226652,0.07898376415261747,0.48623258504410877,0.07714854814755454,"{7: 0.9706498951781971, 8: 0.548968824940048, 9: 0.15937149270482603, 10: 0.10902733630006357, 11: 0.9996268656716417, 13: 0.041522725733252046, 14: 0.7046370967741936, 15: 0.8875878220140515, 16: 0.941785818500146, 17: 0.8887354507792464, 18: 0.49459627680642787, 19: 0.9514116079001576, 20: 0.3858461538461539, 21: 0.6648124602670059, 22: 0.6739877769289534, 23: 0.8185029436501261, 24: 0.5898859081097749, 25: 0.9748756218905474, 26: 0.9599723947550036, 27: 0.9841200466200465}","{7: 0.11455377644820564, 8: 0.4392593957719277, 9: 0.27395193208901203, 10: 0.24089138944309937, 11: 0.0024656999504476455, 13: 0.1661466963995373, 14: 0.37249177432970015, 15: 0.08892193336469395, 16: 0.0796567014840548, 17: 0.09786041280273819, 18: 0.3261215978136182, 19: 0.08255449459297626, 20: 0.2806136977007325, 21: 0.37104527734558895, 22: 0.20849545228892694, 23: 0.14586060223714276, 24: 0.24568048183581187, 25: 0.042601272796131344, 26: 0.03783781963249912, 27: 0.038278718479963905}","{7: 0.7249361891926684, 8: 0.4992702942391515, 9: 0.40728363262739303, 10: 0.35998990643789597, 11: 0.8850439324029709, 13: 0.3474808205623343, 14: 0.6957435043508647, 15: 0.7416750006147217, 16: 0.8564588137045691, 17: 0.8796537833855661, 18: 0.5797575245093701, 19: 0.833597876811443, 20: 0.4031812770950229, 21: 0.5519740205938787, 22: 0.48904395696022374, 23: 0.6587492067742244, 24: 0.5225614701117474, 25: 0.7555952314585345, 26: 0.8146895536910543, 27: 0.7718218605850522}","{7: 0.10566982293384766, 8: 0.1480284188789414, 9: 0.08193821598923498, 10: 0.06994470151566058, 11: 0.057105360273510354, 13: 0.08248530350184059, 14: 0.11188212639976185, 15: 0.054853538214414486, 16: 0.08224718260701584, 17: 0.06640329516721247, 18: 0.18975862761087195, 19: 0.07125120153591823, 20: 0.06601999922226517, 21: 0.14195068581598505, 22: 0.09887750642955222, 23: 0.09340972719009649, 24: 0.07827741886760776, 25: 0.07563285226884592, 26: 0.0689258363192934, 27: 0.05670179645556639}","{7: 0.47303159542536144, 8: 0.43231241734873693, 9: 0.5378975775291731, 10: 0.4701185613608417, 11: 0.49618452380952377, 13: 0.46404037833178907, 14: 0.5170680615321986, 15: 0.48295679260900665, 16: 0.605787347456825, 17: 0.5638339015946384, 18: 0.5921159681157266, 19: 0.46824502204291724, 20: 0.4900473770133604, 21: 0.4510442880714537, 22: 0.45252230845659575, 23: 0.5266353992964696, 24: 0.413776999678548, 25: 0.4871285514625379, 26: 0.435717007548703, 27: 0.41141363619853316}","{7: 0.04280655550404556, 8: 0.09407660026210121, 9: 0.1619266766953312, 10: 0.12678494879877147, 11: 0.009260500719872895, 13: 0.10715377717352294, 14: 0.1444480091049662, 15: 0.10872821304259409, 16: 0.1270178472151659, 17: 0.10465367073757524, 18: 0.11113142586407683, 19: 0.08248262257964649, 20: 0.11553012988654973, 21: 0.11157284774437282, 22: 0.11963006716887124, 23: 0.10338213466007547, 24: 0.10081002252306721, 25: 0.10809679817596443, 26: 0.08188849642937228, 27: 0.06408037890132758}","{'fb_me': 0.5558441558441558, 'm_max': 0.8285714285714286, 'm_me': 0.8571428571428571, 'm_min': 0.9428571428571428, 'fd_me': 0.8051948051948052, 'a_me': 0.8493506493506493, 'gx_me': 0.9272727272727272, 'ay_me': 0.9974025974025974, 'gz_me': 1.0, 'ax_me': 1.0, 'fc_me': 0.21038961038961038, 'fa_bin_5': 0.02077922077922078, 'fa_bin_std': 0.012987012987012988, 'fa_me': 0.4779220779220779, 'nr_me': 0.35064935064935066, 'ay_mcr': 0.07012987012987013, 'g_me': 0.02077922077922078, 'fa_bin_mean': 0.007792207792207792, 'fa_bin_6': 0.005194805194805195, 'fd_bin_5': 0.005194805194805195, 'fd_bin_mean': 0.007792207792207792, 'gy_me': 0.012987012987012988, 'ay_sd': 0.0025974025974025974, 'fa_bin_max': 0.0025974025974025974, 'fa_bin_1': 0.01038961038961039, 'fa_bin_7': 0.0025974025974025974, 'fa_bin_4': 0.007792207792207792, 'fd_bin_3': 0.0025974025974025974, 'fd_bin_4': 0.0025974025974025974, 'fa_bin_0': 0.0025974025974025974}",385
PerSeanceApproach,RandomForest,3,8,7,0.7391383662362965,0.12430940951201916,0.6962872291397917,0.07372193423483436,0.480843218504447,0.06399679526951832,"{7: 0.9455523899968344, 8: 0.9157729846969515, 9: 0.9953926282051282, 10: 0.28453453453453453, 11: 0.9999006458022851, 13: 0.26775392237819984, 15: 0.9471664698937426, 16: 0.9803370786516854, 17: 0.6400826446280993, 18: 0.2310126582278481, 19: 0.9807931307196927, 21: 0.52734375, 22: 0.33861236802413275, 23: 0.8190730837789661, 24: 0.7499118165784833, 25: 0.9529180093089866, 26: 0.9950186799501867, 27: 1.0}","{7: 0.14011665476794308, 8: 0.1181010243122269, 9: 0.021172466249043752, 10: 0.27490294685351646, 11: 0.0012723545429573486, 13: 0.30644795599328456, 15: 0.12274266150631595, 16: 0.020000344241118975, 17: 0.29131225194119026, 18: 0.3518648523911168, 19: 0.04016968026361308, 21: 0.4220776879690897, 22: 0.17132024186176262, 23: 0.24038079206554913, 24: 0.23986772470562895, 25: 0.0868863763576591, 26: 0.014198946763376557, 27: 0.0}","{7: 0.7718560690500769, 8: 0.7489439962401424, 9: 0.7997604808011118, 10: 0.38116545810545027, 11: 0.7762541535464235, 13: 0.4122514982854076, 15: 0.7012902043462007, 16: 0.8980726227023971, 17: 0.8216061377504574, 18: 0.5250302463848965, 19: 0.8400387195960284, 21: 0.4942088404546943, 22: 0.6039667056562553, 23: 0.6581681018606531, 24: 0.5800032135902446, 25: 0.6291982316117872, 26: 0.8320329876115516, 27: 0.8510060076262612}","{7: 0.11758576304181587, 8: 0.08950018620867645, 9: 0.07040030600937729, 10: 0.05535357538753153, 11: 0.1445419684464564, 13: 0.09348052555385193, 15: 0.09302670832895449, 16: 0.06984094879007657, 17: 0.05835614319923982, 18: 0.09424846118252349, 19: 0.04637171615609423, 21: 0.10218745880605368, 22: 0.09467091696199585, 23: 0.09545548419212152, 24: 0.08293741928103512, 25: 0.11809288757903343, 26: 0.10222831496391581, 27: 0.09885830448312356}","{7: 0.5759510930233986, 8: 0.4742588812849789, 9: 0.4715475747053872, 10: 0.43724154452707253, 11: 0.3899761904761905, 13: 0.41853415588531695, 15: 0.45161967593194563, 16: 0.45375307958091726, 17: 0.5867456502610572, 18: 0.5907082994199796, 19: 0.39604413001076133, 21: 0.4455335584925265, 22: 0.46946139643452767, 23: 0.48095568250524695, 24: 0.4918272918163889, 25: 0.43060919034390605, 26: 0.452640447845805, 27: nan}","{7: 0.11613170551622536, 8: 0.0841361117778985, 9: 0.042318930150191614, 10: 0.07779755827642373, 11: 0.0, 13: 0.06388521886136445, 15: 0.06194387120316012, 16: 0.1220653427429684, 17: 0.07824342586236555, 18: 0.10685806094302287, 19: 0.07394645624151898, 21: 0.09661034117627003, 22: 0.08854306010200952, 23: 0.09997588902572863, 24: 0.11218996769995408, 25: 0.06259191127016811, 26: 0.06797243964062966, 27: nan}","{'m_min': 0.2644230769230769, 'fc_me': 0.8293269230769231, 'fb_me': 0.47596153846153844, 'gx_me': 0.96875, 'gz_me': 0.9807692307692307, 'a_me': 0.9519230769230769, 'fa_me': 0.8653846153846154, 'fd_me': 0.9759615384615384, 'ay_me': 0.9903846153846154, 'ax_me': 1.0, 'gy_me': 0.3173076923076923, 'az_me': 0.5240384615384616, 'g_me': 0.20192307692307693, 'ay_mcr': 0.21875, 'm_me': 0.20432692307692307, 'm_max': 0.07211538461538461, 'ax_mcr': 0.10576923076923077, 'nr_me': 0.026442307692307692, 'fd_bin_max': 0.002403846153846154, 'fd_sd': 0.014423076923076924, 'fa_bin_7': 0.004807692307692308, 'fd_bin_mean': 0.002403846153846154, 'fa_bin_6': 0.002403846153846154}",416
PerSeanceApproach,RandomForest,1,8,11,0.6922010734950573,0.06801816212624184,0.6130998135739344,0.042519402399744936,0.4305790381501158,0.031091937932869667,"{7: 0.9698186528497409, 8: 0.9578965758211042, 10: 0.98711605854463, 11: 0.9642124692370797, 13: 0.05843852267414679, 14: 0.7575455798988815, 16: 0.9686850311850314, 17: 0.9491311216429701, 18: 0.5921325051759834, 20: 0.03872875092387287, 21: 0.07324051115773413, 22: 0.25634725634725636, 23: 0.933679354094579, 24: 0.7725448220497726, 25: 0.9589333333333334, 26: 0.4623719933317456, 27: 0.7987980769230769}","{7: 0.03866748462335123, 8: 0.019544105660686293, 10: 0.05407445331408936, 11: 0.01235420568069935, 13: 0.051794336606854, 14: 0.15126273583612643, 16: 0.027270500466039148, 17: 0.04248896999596633, 18: 0.1629440361900704, 20: 0.10744323618670427, 21: 0.13265535792339875, 22: 0.3130287129591346, 23: 0.018503934494964763, 24: 0.14433582574835566, 25: 0.017756876602225597, 26: 0.14274114932292636, 27: 0.09075784743647115}","{7: 0.5994260652793382, 8: 0.8061828279979091, 10: 0.7444436537339979, 11: 0.8707273449791747, 13: 0.3625567513018653, 14: 0.5348223988131388, 16: 0.750615530324426, 17: 0.759067465512524, 18: 0.5098110948400354, 20: 0.4093383339036926, 21: 0.3610923735208702, 22: 0.3631801592494086, 23: 0.6995041084155926, 24: 0.5473339533550364, 25: 0.8088506897898946, 26: 0.5037317024646446, 27: 0.49365696000067927}","{7: 0.09639368611097121, 8: 0.03284866909251749, 10: 0.05311192595284795, 11: 0.03252874990798074, 13: 0.11838543357900173, 14: 0.05563004707302284, 16: 0.04321754703512484, 17: 0.03659646847266035, 18: 0.047304344619716165, 20: 0.05273957819998551, 21: 0.07010606596808926, 22: 0.07967692485763588, 23: 0.04520726177666698, 24: 0.05006726085442387, 25: 0.04347300755930933, 26: 0.05093257576034165, 27: 0.05919704192416671}","{7: 0.3351609126569303, 8: 0.39220711376535555, 10: 0.48690968705979865, 11: 0.34295057080276314, 13: 0.3636713765625753, 14: 0.4128922939147285, 16: 0.35826352097888525, 17: 0.5416524815549872, 18: 0.42780052353970144, 20: 0.49439872765570636, 21: 0.5249831111180566, 22: 0.5602389156971742, 23: 0.31838838638618483, 24: 0.4560694457814252, 25: 0.48322242305664553, 26: 0.42513030122421047, 27: 0.4069537385255789}","{7: 0.0433629178591682, 8: 0.052861139832621716, 10: 0.07244307645124845, 11: 0.0668238559465701, 13: 0.03739212867207327, 14: 0.07879513647651525, 16: 0.13175553639046422, 17: 0.05408127938425129, 18: 0.0739010356796457, 20: 0.08268403319789476, 21: 0.09611620418528609, 22: 0.07621457032532922, 23: 0.04758590610254137, 24: 0.05711518371233514, 25: 0.052817096131944304, 26: 0.06390935386047357, 27: 0.03488800048523904}","{'fb_me': 0.9195046439628483, 'ay_me': 1.0, 'fa_me': 0.913312693498452, 'fd_me': 1.0, 'gx_me': 0.9504643962848297, 'm_max': 0.978328173374613, 'm_me': 0.978328173374613, 'm_min': 1.0, 'gz_me': 1.0, 'ax_me': 1.0, 'fc_me': 0.21052631578947367, 'fd_sd': 0.01238390092879257, 'a_me': 0.034055727554179564, 'nr_me': 0.0030959752321981426}",323
PerSeanceApproach,RandomForest,2,8,11,0.6170689920726079,0.10604709705338178,0.6227495885582786,0.0546418234032537,0.4518412661308546,0.055819716887019206,"{7: 0.988396730905055, 8: 0.39240223463687146, 9: 0.05459104938271605, 10: 0.11623023715415018, 11: 0.9944158075601376, 13: 0.007177507177507177, 14: 0.5644334160463192, 15: 0.84510987493589, 16: 0.8838350055741359, 17: 0.830391616105902, 18: 0.3130263896687254, 19: 0.9515951595159516, 20: 0.25647668393782386, 21: 0.5941205533596837, 22: 0.6156486742424242, 23: 0.7483485772357724, 24: 0.4677496416626852, 25: 0.9737967914438503, 26: 0.9501324606513947, 27: 0.987604812249362}","{7: 0.06594438354508582, 8: 0.40335018767742453, 9: 0.1444333099456376, 10: 0.2250172373127678, 11: 0.03861174945157189, 13: 0.03993083424111562, 14: 0.3778552813084435, 15: 0.07246311692416854, 16: 0.10731542288188267, 17: 0.0970472834480814, 18: 0.2572584225040458, 19: 0.07324769782247743, 20: 0.21281233891364681, 21: 0.3434781578196128, 22: 0.1517117698426182, 23: 0.1442046291330933, 24: 0.2896126230326884, 25: 0.02117238897868269, 26: 0.035177898104509754, 27: 0.034582488121191426}","{7: 0.6630097175682214, 8: 0.38455143847876755, 9: 0.3288369242686152, 10: 0.3711891859124769, 11: 0.8263649920658259, 13: 0.2536056753390459, 14: 0.6307799982918596, 15: 0.7067949786543399, 16: 0.7815235475650096, 17: 0.8366319606195906, 18: 0.45020760945324306, 19: 0.7592457872955434, 20: 0.33940536807327304, 21: 0.47045113468341004, 22: 0.40446200444234687, 23: 0.5880465757601755, 24: 0.461725018967894, 25: 0.7149077510023022, 26: 0.7659553468428734, 27: 0.7438015633000818}","{7: 0.07734312793763266, 8: 0.10922282141396489, 9: 0.05153998449736507, 10: 0.07823522106501943, 11: 0.05876031344586315, 13: 0.03957277582325053, 14: 0.09323033134853737, 15: 0.047875309479120914, 16: 0.07518199546917198, 17: 0.06087499591400279, 18: 0.13947733442219143, 19: 0.0618157651348415, 20: 0.05148733481317838, 21: 0.11807557142234944, 22: 0.06714997970466001, 23: 0.09042753550281891, 24: 0.09012215459076071, 25: 0.05917674756337584, 26: 0.04752541266139572, 27: 0.05204177213731565}","{7: 0.46239301185402, 8: 0.3809707960799553, 9: 0.466514952943879, 10: 0.45853143762098747, 11: 0.4679403664691683, 13: 0.3922543027276369, 14: 0.48873530838787427, 15: 0.45716012564924413, 16: 0.5659187885817059, 17: 0.5585321881658164, 18: 0.5205877276713751, 19: 0.40301968107913044, 20: 0.48486501950556776, 21: 0.41614634215276197, 22: 0.42121537219132177, 23: 0.4926989991870838, 24: 0.39948692749164116, 25: 0.4342714841953681, 26: 0.36741813752064656, 27: 0.40942419896679405}","{7: 0.09456920923233984, 8: 0.07779228996766359, 9: 0.10974987006587535, 10: 0.12776027163408524, 11: 0.047746222425675146, 13: 0.09425193560076849, 14: 0.10789466357143518, 15: 0.08610110923869253, 16: 0.10417195617712344, 17: 0.09302992675533603, 18: 0.09659554978601965, 19: 0.06294024882078124, 20: 0.10024366581149938, 21: 0.10863180708921671, 22: 0.1016940442354176, 23: 0.08435069848772966, 24: 0.13299972885216815, 25: 0.09347934706607489, 26: 0.06262551001645411, 27: 0.08707632368328595}","{'m_me': 0.9252873563218391, 'fc_me': 0.09482758620689655, 'fb_me': 0.5344827586206896, 'm_min': 0.9971264367816092, 'a_me': 0.9367816091954023, 'gx_me': 0.9942528735632183, 'fd_me': 0.8879310344827587, 'ay_me': 1.0, 'ax_me': 1.0, 'gz_me': 1.0, 'nr_me': 0.367816091954023, 'm_max': 0.9080459770114943, 'fa_me': 0.3448275862068966, 'ay_mcr': 0.005747126436781609, 'g_me': 0.0028735632183908046}",348
PerSeanceApproach,RandomForest,3,8,11,0.6767184985949267,0.08232142984021683,0.63768650329249,0.057180610414445984,0.438313218739307,0.036602508157899526,"{7: 0.9729051017710812, 8: 0.9073518379594898, 9: 0.9922297297297298, 10: 0.2685563612392881, 11: 0.9895217170863613, 13: 0.1442084942084942, 15: 0.9175219941348972, 16: 0.9690893901420218, 17: 0.5086934923000498, 18: 0.07945277558537227, 19: 0.9660377358490567, 21: 0.33727331606217614, 22: 0.28301614763552485, 23: 0.7042796384901647, 24: 0.5944837340876945, 25: 0.9570802005012531, 26: 0.9939393939393939, 27: 1.0}","{7: 0.05914983515422922, 8: 0.09471074451682156, 9: 0.02762431229291842, 10: 0.23017851862912367, 11: 0.10100621022643007, 13: 0.19035874801265937, 15: 0.14121977253250473, 16: 0.023864422484687887, 17: 0.24776711399609558, 18: 0.20211143194326725, 19: 0.054075794459971245, 21: 0.37498454904319467, 22: 0.07498377921560838, 23: 0.25672987458749796, 24: 0.23650884296936217, 25: 0.06563638352406252, 26: 0.024787265849480974, 27: 0.0}","{7: 0.758111567935951, 8: 0.6685135671251344, 9: 0.7223671048904582, 10: 0.3239666933257826, 11: 0.7528384039618757, 13: 0.3225040184882767, 15: 0.6431922942097867, 16: 0.8696111418525256, 17: 0.7939323322269596, 18: 0.4489920683262638, 19: 0.8107403540633284, 21: 0.3940582049248098, 22: 0.5621004991536779, 23: 0.5412854787078222, 24: 0.528642583950609, 25: 0.5609433501564575, 26: 0.7827900473780777, 27: 0.8372693700963448}","{7: 0.11279497766281438, 8: 0.07818758217273046, 9: 0.05743842104299942, 10: 0.04152214285832908, 11: 0.12441145537093519, 13: 0.05783655776389477, 15: 0.07564241855196913, 16: 0.06728183943671566, 17: 0.04249395400816435, 18: 0.07397620166227097, 19: 0.045039890312130584, 21: 0.06271784510598652, 22: 0.07746619112677675, 23: 0.06473294036867373, 24: 0.05686942254109006, 25: 0.08637089168184839, 26: 0.10476653263207555, 27: 0.07511826397008037}","{7: 0.5520661129961064, 8: 0.40980298298619244, 9: 0.4457224774379449, 10: 0.3607309660786039, 11: 0.4442267759562841, 13: 0.3299015391590498, 15: 0.4243556066059743, 16: 0.46000990067844516, 17: 0.5581880561224747, 18: 0.5770908718169506, 19: 0.3892382185087222, 21: 0.3883587029150008, 22: 0.4044651558764953, 23: 0.4214502594254899, 24: 0.49691826181939225, 25: 0.39674452801619153, 26: 0.3903965419501134, 27: nan}","{7: 0.07698810667230145, 8: 0.06414489797531418, 9: 0.0276423247188604, 10: 0.061285200920567474, 11: 0.07821505106782932, 13: 0.05105887358603334, 15: 0.04672746617982438, 16: 0.10253404391244522, 17: 0.06569680889664639, 18: 0.0946467455745393, 19: 0.08357317005087513, 21: 0.06755866803966057, 22: 0.06712726000208614, 23: 0.06466399986868629, 24: 0.08983338573617904, 25: 0.05893005593170526, 26: 0.06267210566282011, 27: nan}","{'az_me': 0.5394736842105263, 'm_min': 0.32894736842105265, 'fc_me': 0.9572368421052632, 'fa_me': 0.9736842105263158, 'fd_me': 1.0, 'a_me': 0.9967105263157895, 'gx_me': 1.0, 'gz_me': 1.0, 'ay_me': 1.0, 'ax_me': 1.0, 'fb_me': 0.6019736842105263, 'm_me': 0.19078947368421054, 'ay_mcr': 0.12828947368421054, 'ax_mcr': 0.003289473684210526, 'gy_me': 0.23684210526315788, 'm_max': 0.023026315789473683, 'fd_sd': 0.003289473684210526, 'g_me': 0.01644736842105263}",304
PerSeanceApproach,RandomForest,1,8,15,0.6708683850997649,0.03151507098630082,0.5823324199330409,0.029000560418484853,0.4103761019947958,0.01447320230863796,"{7: 0.9677983539094648, 8: 0.9578647473384317, 10: 0.9975312705727453, 11: 0.9577639751552798, 13: 0.03644907289814579, 14: 0.759169213670464, 16: 0.9649408444589169, 17: 0.9226303854875285, 18: 0.5582608695652174, 20: 0.003272727272727273, 21: 0.020805209243230365, 22: 0.09759007396802673, 23: 0.9315655396016674, 24: 0.7414054054054054, 25: 0.9458167330677288, 26: 0.4193516109665799, 27: 0.8110567269076305}","{7: 0.017702051605258708, 8: 0.013603141016694211, 10: 0.026506894489778065, 11: 0.005760011487885527, 13: 0.022784072099905437, 14: 0.09337422787769838, 16: 0.025634827408695, 17: 0.02934292933601198, 18: 0.09863338391964688, 20: 0.020470498829145558, 21: 0.024117136165754647, 22: 0.1798957214663332, 23: 0.013795087761693922, 24: 0.10334569700692238, 25: 0.01298291395125913, 26: 0.05347289211238688, 27: 0.009746020835099402}","{7: 0.5336439838477504, 8: 0.8092153182755291, 10: 0.721965855730926, 11: 0.8558627737372351, 13: 0.2735285664750324, 14: 0.5028056795271871, 16: 0.7109510037294959, 17: 0.745859552381589, 18: 0.47574145678676805, 20: 0.41143911547282086, 21: 0.2911197879291131, 22: 0.26568113453772496, 23: 0.6707672047173306, 24: 0.5025877616440604, 25: 0.7927934636361684, 26: 0.4649128903963193, 27: 0.4882503007742719}","{7: 0.07356886313420304, 8: 0.021274477201377543, 10: 0.03466450423620978, 11: 0.024194433567552145, 13: 0.08366867452937236, 14: 0.04154743261972824, 16: 0.029483591058166243, 17: 0.02238638650087028, 18: 0.03201794487357948, 20: 0.026287005315640828, 21: 0.05520083837785677, 22: 0.05530169762350712, 23: 0.030963238524833, 24: 0.03508540390717464, 25: 0.026172711360394788, 26: 0.029481695697887052, 27: 0.03553366378472012}","{7: 0.29996006521594704, 8: 0.4112326126367005, 10: 0.39585714285714274, 11: 0.3113426010442823, 13: 0.325407104642902, 14: 0.4263834267093088, 16: 0.26101041890674076, 17: 0.5459796446246847, 18: 0.42222494090992574, 20: 0.5010271632817483, 21: 0.50169425310685, 22: 0.5556873597482717, 23: 0.2719231185988427, 24: 0.46088262474480063, 25: 0.4728555904784205, 26: 0.4161737287719997, 27: 0.3668293470914682}","{7: 0.024214613201245013, 8: 0.04173848643066136, 10: 0.05246012415016134, 11: 0.03898759427098995, 13: 0.020413407993346795, 14: 0.06609493063902305, 16: 0.07862152383891674, 17: 0.02482855570210548, 18: 0.04722911475610225, 20: 0.04974888930818616, 21: 0.05297360791874596, 22: 0.03453865510708262, 23: 0.03017815417076126, 24: 0.03289166812808487, 25: 0.03113636715215139, 26: 0.03219848122367666, 27: 0.020160620663349525}","{'fa_me': 0.9964664310954063, 'fb_me': 1.0, 'gx_me': 0.9929328621908127, 'm_me': 1.0, 'm_max': 1.0, 'm_min': 1.0, 'ay_me': 1.0, 'fd_me': 1.0, 'gz_me': 1.0, 'ax_me': 1.0, 'fc_me': 0.01060070671378092}",283
PerSeanceApproach,RandomForest,2,8,15,0.5510340249607614,0.07027226378776558,0.5712352438002735,0.03400110630281719,0.42998339058141277,0.025406502103036892,"{7: 0.9936755560240329, 8: 0.23689594356261018, 9: 0.014137793707686181, 10: 0.1064969062351261, 11: 0.9953405017921146, 13: 0.0005445005445005444, 14: 0.43387941226144244, 15: 0.8254475703324807, 16: 0.8441659272404615, 17: 0.7799664070850512, 18: 0.19351267120478963, 19: 0.9597998619737751, 20: 0.2603092783505155, 21: 0.42724929709465786, 22: 0.5955882352941176, 23: 0.6270146911995435, 24: 0.3006077606358111, 25: 0.9698245614035088, 26: 0.9413988657844989, 27: 0.9974562474562475}","{7: 0.050136262576164395, 8: 0.32054591384361847, 9: 0.03953147675009669, 10: 0.19160330134039874, 11: 0.009887537078232068, 13: 0.0039130094394558305, 14: 0.3415609912978302, 15: 0.045752848562323034, 16: 0.11014389975085262, 17: 0.07653755555670488, 18: 0.13817852423918237, 19: 0.06342521873600179, 20: 0.16107524536942555, 21: 0.29554086311115146, 22: 0.10496497220825318, 23: 0.12109785747319805, 24: 0.2914714803863846, 25: 0.012400418980401604, 26: 0.030023402975933082, 27: 0.007622434188167707}","{7: 0.6247934282864998, 8: 0.31001642157192383, 9: 0.3010848519701647, 10: 0.34506578742176974, 11: 0.7781860650390646, 13: 0.18876024531024532, 14: 0.613419020499309, 15: 0.696270722386981, 16: 0.7404001439992992, 17: 0.8033682237217945, 18: 0.3685988988324174, 19: 0.7076281090744384, 20: 0.3063947758240825, 21: 0.4101066207797646, 22: 0.3647427260142916, 23: 0.5047560765061462, 24: 0.38580454847426743, 25: 0.685733946658823, 26: 0.7421988556209059, 27: 0.7180043534886962}","{7: 0.05417740400551471, 8: 0.07818587708101768, 9: 0.03292463357464884, 10: 0.04940175275895898, 11: 0.051575150145980075, 13: 0.018277587272175218, 14: 0.08989930138218494, 15: 0.03385060092208983, 16: 0.06560364845669445, 17: 0.04171485432649661, 18: 0.05702248995060279, 19: 0.05044658481630203, 20: 0.041640126159145044, 21: 0.08723178799029244, 22: 0.04861016277873502, 23: 0.05686609038550424, 24: 0.06866062889743599, 25: 0.04596691399996214, 26: 0.03590136542016905, 27: 0.033527060113480965}","{7: 0.46096598326102006, 8: 0.3398449383293179, 9: 0.4410721667178775, 10: 0.48095618971947257, 11: 0.44065714285714286, 13: 0.3360802555490822, 14: 0.4890612684882137, 15: 0.46345778932122683, 16: 0.5287615988768577, 17: 0.5248446596583374, 18: 0.4715026061222369, 19: 0.3522784526830779, 20: 0.46445728371202866, 21: 0.42489643536978056, 22: 0.35488478378319005, 23: 0.44713113868886795, 24: 0.4236148696264956, 25: 0.42808399213987547, 26: 0.32541828082783253, 27: 0.3917267911132707}","{7: 0.02754667138085649, 8: 0.05391910972065489, 9: 0.08671808733747088, 10: 0.10929425078900976, 11: 0.02857071610297713, 13: 0.048801265369503063, 14: 0.08690683069521364, 15: 0.05365013976067772, 16: 0.0710302592258787, 17: 0.06434834057748257, 18: 0.05557960008614137, 19: 0.05659779235492768, 20: 0.07007862004895976, 21: 0.10710420543016079, 22: 0.0554954037998423, 23: 0.056685799493713905, 24: 0.11955656383184445, 25: 0.07862250415734559, 26: 0.04122302101756248, 27: 0.021557245682709118}","{'nr_me': 0.27710843373493976, 'fd_me': 0.9678714859437751, 'm_max': 0.9799196787148594, 'm_me': 0.9759036144578314, 'a_me': 0.9919678714859438, 'm_min': 1.0, 'gx_me': 1.0, 'ay_me': 1.0, 'gz_me': 1.0, 'ax_me': 1.0, 'fb_me': 0.5662650602409639, 'fa_me': 0.23694779116465864, 'fc_me': 0.004016064257028112}",249
PerSeanceApproach,RandomForest,3,8,15,0.6336321311445586,0.056399911680605395,0.6040434840809588,0.03282587696340689,0.4156272226607377,0.01858897137247112,"{7: 0.9685507862303442, 8: 0.9180450192762095, 9: 0.9935042134831461, 10: 0.2033783783783784, 11: 1.0, 13: 0.07294028722600153, 15: 0.894111570247934, 16: 0.9505791505791507, 17: 0.3704545454545455, 18: 0.00546448087431694, 19: 0.9384366576819408, 21: 0.20793269230769232, 22: 0.24235951363785738, 23: 0.49083375188347567, 24: 0.5455858747993578, 25: 0.9605982168536094, 26: 0.997164628743576, 27: 1.0}","{7: 0.039691469564068015, 8: 0.05595683198432445, 9: 0.020859371878556365, 10: 0.1254508548038836, 11: 0.0, 13: 0.08242382587907848, 15: 0.14410231315983502, 16: 0.022068976297937824, 17: 0.1370960968125966, 18: 0.020095482254809085, 19: 0.04259565245125013, 21: 0.23523984560748376, 22: 0.04389363607319611, 23: 0.19755160577198483, 24: 0.2023636572604904, 25: 0.04748127649448844, 26: 0.008825021866375134, 27: 0.0}","{7: 0.7525060395759082, 8: 0.6019444922819915, 9: 0.6592053166281208, 10: 0.2928948495729157, 11: 0.6913836825772668, 13: 0.3043239504008955, 15: 0.5833600679781995, 16: 0.8371581003451838, 17: 0.7876463198221, 18: 0.37370506016800653, 19: 0.7956479899857475, 21: 0.34958401228894476, 22: 0.5505058871449384, 23: 0.5113696064485456, 24: 0.5105445128425535, 25: 0.5029547512023784, 26: 0.7182171048315731, 27: 0.8012404612400843}","{7: 0.10743246914064215, 8: 0.04706919718669792, 9: 0.043966818217858125, 10: 0.037503897389239156, 11: 0.09601029210413022, 13: 0.05915242462894766, 15: 0.05569875121155665, 16: 0.05157029224495186, 17: 0.025470801509985635, 18: 0.058594379675536344, 19: 0.03069524615763515, 21: 0.046216379229268335, 22: 0.05455783629733829, 23: 0.03840264270646017, 24: 0.028320923899471318, 25: 0.053689669095553914, 26: 0.06583195376840148, 27: 0.04748850876817083}","{7: 0.5255128772860082, 8: 0.3636132165786501, 9: 0.3969770447530865, 10: 0.31480330043363514, 11: nan, 13: 0.27759347843259563, 15: 0.4298563642425585, 16: 0.4637429107596895, 17: 0.5265763859265763, 18: 0.5246285085794213, 19: 0.42979073289685493, 21: 0.3368477805333349, 22: 0.37561742027538514, 23: 0.40165171360799273, 24: 0.4972760432904991, 25: 0.37349092201134104, 26: 0.3370203993055556, 27: nan}","{7: 0.05934646407599785, 8: 0.058182271951525304, 9: 0.029494307840750023, 10: 0.04128432772907625, 11: nan, 13: 0.02414743297218141, 15: 0.04493506494005798, 16: 0.07560150333503127, 17: 0.0542851988044079, 18: 0.06552379254282246, 19: 0.06527160360103029, 21: 0.0329128634495163, 22: 0.03843009118729388, 23: 0.0405033442292146, 24: 0.05416893167562271, 25: 0.043686315972660615, 26: 0.035418838055436386, 27: nan}","{'m_min': 0.38425925925925924, 'fb_me': 0.7777777777777778, 'fc_me': 1.0, 'fa_me': 1.0, 'gx_me': 1.0, 'a_me': 1.0, 'fd_me': 1.0, 'gz_me': 1.0, 'ay_me': 1.0, 'ax_me': 1.0, 'az_me': 0.5879629629629629, 'g_me': 0.004629629629629629, 'gy_me': 0.1111111111111111, 'm_me': 0.13425925925925927}",216
