,time,confidence,avg_5_conf,avg_10_conf,avg_20_conf,avg_40_conf,real_user,predicted,user_count
0,3,0.82,,,,,8,8,16
1,4,0.86,0.82,0.82,0.82,0.82,8,8,16
2,5,0.75,0.84,0.84,0.84,0.84,8,8,16
3,6,0.84,0.8099999999999999,0.8099999999999999,0.8099999999999999,0.8099999999999999,8,8,16
4,7,0.66,0.8174999999999999,0.8174999999999999,0.8174999999999999,0.8174999999999999,8,8,16
5,8,0.7,0.7859999999999999,0.7859999999999999,0.7859999999999999,0.7859999999999999,8,8,16
6,9,0.83,0.7619999999999999,0.7716666666666666,0.7716666666666666,0.7716666666666666,8,8,16
7,10,0.93,0.756,0.78,0.78,0.78,8,8,16
8,11,0.83,0.792,0.79875,0.79875,0.79875,8,8,16
9,12,0.93,0.79,0.8022222222222222,0.8022222222222222,0.8022222222222222,8,8,16
10,13,0.7,0.844,0.8150000000000001,0.8150000000000001,0.8150000000000001,8,8,16
11,14,0.83,0.844,0.8029999999999999,0.8045454545454546,0.8045454545454546,8,8,16
12,15,0.82,0.844,0.8,0.8066666666666666,0.8066666666666666,8,8,16
13,16,0.9,0.8220000000000001,0.807,0.8076923076923077,0.8076923076923077,8,8,16
14,17,0.9,0.836,0.8130000000000001,0.8142857142857143,0.8142857142857143,8,8,16
15,18,0.5,0.8299999999999998,0.8370000000000001,0.8200000000000001,0.8200000000000001,8,8,16
16,19,0.48,0.7899999999999999,0.817,0.8,0.8,8,8,16
17,20,0.6,0.72,0.782,0.7811764705882354,0.7811764705882354,8,8,16
18,21,0.8,0.6759999999999999,0.749,0.7711111111111112,0.7711111111111112,8,8,16
19,22,0.74,0.656,0.746,0.7726315789473684,0.7726315789473684,8,8,16
20,23,0.73,0.624,0.7270000000000001,0.7710000000000001,0.7710000000000001,8,8,16
21,24,0.79,0.67,0.7300000000000001,0.7665000000000001,0.7690476190476192,8,8,16
22,25,0.78,0.732,0.7260000000000001,0.7630000000000001,0.77,8,8,16
23,26,0.95,0.768,0.7220000000000001,0.7645000000000001,0.7704347826086958,8,8,16
24,27,0.93,0.798,0.7270000000000001,0.77,0.7779166666666666,8,8,16
25,28,0.64,0.836,0.73,0.7835,0.7839999999999999,8,8,16
26,29,0.93,0.818,0.744,0.7804999999999999,0.7784615384615384,8,8,16
27,30,0.96,0.8460000000000001,0.7889999999999999,0.7855000000000001,0.784074074074074,8,8,16
28,31,0.9,0.882,0.825,0.7869999999999999,0.7903571428571429,8,8,16
29,32,0.83,0.8720000000000001,0.835,0.7905,0.7941379310344827,8,8,16
30,33,0.74,0.852,0.844,0.7855000000000001,0.7953333333333332,8,8,16
31,34,0.69,0.8720000000000001,0.845,0.7875000000000001,0.793548387096774,8,8,16
32,35,0.6,0.8239999999999998,0.835,0.7805,0.7903125,8,8,16
33,36,0.53,0.752,0.817,0.7695000000000001,0.7845454545454545,8,8,16
34,37,0.67,0.6779999999999999,0.775,0.751,0.7770588235294118,8,8,16
35,38,0.55,0.6459999999999999,0.7489999999999999,0.7394999999999999,0.7740000000000001,8,8,16
36,39,0.59,0.608,0.74,0.742,0.7677777777777779,8,8,16
37,40,0.33,0.5879999999999999,0.706,0.7474999999999999,0.7629729729729731,8,7,16
38,41,0.6,0.534,0.643,0.734,0.7515789473684211,8,8,16
39,42,0.29,0.548,0.613,0.724,0.7476923076923078,8,8,16
40,43,0.26,0.4720000000000001,0.5589999999999999,0.7015,0.7362500000000001,8,8,16
41,44,0.7,0.41400000000000003,0.511,0.6779999999999999,0.7222500000000001,8,8,16
42,45,0.76,0.43599999999999994,0.512,0.6735,0.71825,8,8,16
43,46,0.86,0.522,0.528,0.6724999999999999,0.7185,8,8,16
44,47,0.66,0.574,0.561,0.6679999999999999,0.7190000000000001,8,8,16
45,48,0.8,0.648,0.56,0.6544999999999999,0.7190000000000001,8,8,16
46,49,0.73,0.756,0.585,0.6625,0.7215,8,8,16
47,50,0.76,0.762,0.599,0.6525000000000001,0.7190000000000001,8,8,16
48,51,0.68,0.7620000000000001,0.642,0.6425,0.71475,8,8,16
49,52,0.74,0.7260000000000001,0.6499999999999999,0.6315000000000001,0.7110000000000001,8,8,16
50,53,0.77,0.742,0.6950000000000001,0.627,0.70625,8,8,16
51,54,0.67,0.736,0.7459999999999999,0.6285000000000001,0.708,8,8,16
52,55,0.75,0.724,0.743,0.6275,0.704,8,8,16
53,56,0.84,0.722,0.742,0.635,0.70225,8,8,16
54,57,0.84,0.754,0.74,0.6505,0.70075,8,8,16
55,58,0.55,0.7739999999999999,0.7579999999999999,0.659,0.6992499999999999,8,8,16
56,59,0.6,0.7299999999999999,0.7329999999999999,0.659,0.7005,8,8,16
57,60,0.56,0.716,0.72,0.6595,0.7035,8,8,16
58,61,0.75,0.678,0.7,0.671,0.7025,8,8,16
59,62,0.67,0.66,0.7070000000000001,0.6785,0.70125,8,8,16
60,63,0.46,0.626,0.7,0.6975,0.6994999999999999,8,8,16
61,64,0.65,0.608,0.6689999999999999,0.7075000000000001,0.69275,8,8,16
62,65,0.52,0.618,0.667,0.7050000000000001,0.68925,8,8,16
63,66,0.88,0.61,0.6440000000000001,0.6930000000000001,0.6827500000000001,8,8,16
64,67,0.76,0.636,0.6479999999999999,0.6940000000000002,0.681,8,8,16
65,68,0.68,0.6540000000000001,0.6399999999999999,0.6990000000000001,0.67675,8,8,16
66,69,0.68,0.698,0.6529999999999999,0.693,0.67775,8,8,16
67,70,0.8,0.7040000000000001,0.6609999999999999,0.6904999999999999,0.6715,8,8,16
68,71,0.84,0.7600000000000001,0.6849999999999999,0.6925,0.6675000000000001,8,8,16
69,72,0.83,0.752,0.694,0.7005,0.666,8,8,16
70,73,0.7,0.766,0.71,0.7050000000000001,0.666,8,8,16
71,74,0.98,0.7699999999999999,0.7340000000000001,0.7015,0.665,8,8,16
72,75,0.96,0.8300000000000001,0.767,0.717,0.67225,8,8,16
73,76,0.73,0.8620000000000001,0.8109999999999999,0.7275,0.68125,8,8,16
74,77,0.28,0.8399999999999999,0.7959999999999999,0.7220000000000001,0.68625,8,8,16
75,78,0.39,0.7299999999999999,0.748,0.6940000000000001,0.6765000000000001,8,8,16
76,79,0.68,0.668,0.719,0.686,0.6725,8,8,16
77,80,0.83,0.608,0.719,0.6900000000000002,0.67475,8,8,16
78,81,0.73,0.5820000000000001,0.7219999999999999,0.7035,0.68725,8,8,16
79,82,0.87,0.5820000000000001,0.711,0.7025000000000001,0.6905,8,8,16
80,83,0.5,0.7,0.7150000000000001,0.7125,0.7050000000000001,8,8,16
81,84,0.96,0.7220000000000001,0.6950000000000001,0.7144999999999999,0.7110000000000001,8,8,16
82,85,0.64,0.778,0.6930000000000001,0.7299999999999999,0.7175,8,8,16
83,86,0.56,0.74,0.6609999999999999,0.736,0.7145,8,8,16
84,87,0.8,0.7060000000000001,0.6439999999999999,0.72,0.7070000000000001,8,8,16
85,88,0.91,0.692,0.696,0.7220000000000002,0.7105,8,8,16
86,89,0.72,0.774,0.748,0.7335,0.71325,8,8,16
87,90,0.79,0.726,0.752,0.7355,0.7130000000000001,8,8,16
88,91,0.76,0.756,0.748,0.7350000000000001,0.71375,8,8,16
89,92,0.54,0.7959999999999999,0.7510000000000001,0.7310000000000001,0.7157500000000001,8,8,16
90,93,0.81,0.744,0.718,0.7165000000000001,0.71075,8,8,16
91,94,0.82,0.724,0.749,0.722,0.7117500000000001,8,8,16
92,95,0.92,0.744,0.7350000000000001,0.714,0.7155,8,8,16
93,96,0.64,0.77,0.7630000000000001,0.712,0.71975,8,8,16
94,97,0.56,0.746,0.7709999999999999,0.7075000000000001,0.7147500000000001,8,8,16
95,98,0.94,0.75,0.7469999999999999,0.7215,0.7077500000000001,8,8,16
96,99,0.93,0.776,0.75,0.749,0.7175,8,8,16
97,100,0.85,0.798,0.7710000000000001,0.7615000000000001,0.72575,8,8,16
98,101,0.8,0.784,0.7769999999999999,0.7625,0.733,8,8,16
99,102,0.84,0.8160000000000001,0.7809999999999999,0.766,0.7342500000000001,8,8,16
100,103,0.77,0.8720000000000001,0.8110000000000002,0.7645000000000001,0.7384999999999999,8,8,16
101,104,0.69,0.8379999999999999,0.807,0.778,0.7462500000000001,8,8,16
102,105,0.84,0.7899999999999999,0.7939999999999999,0.7645000000000001,0.74725,8,8,16
103,106,0.92,0.788,0.7859999999999999,0.7745,0.75525,8,8,16
104,107,0.88,0.8119999999999999,0.8140000000000001,0.7924999999999999,0.75625,8,8,16
105,108,0.74,0.82,0.8460000000000001,0.7965,0.75925,8,8,16
106,109,0.71,0.8139999999999998,0.826,0.788,0.76075,8,8,16
107,110,0.91,0.818,0.8039999999999999,0.7875,0.7615000000000001,8,8,16
108,111,0.7,0.8320000000000001,0.8099999999999999,0.7935000000000001,0.76425,8,8,16
109,112,0.9,0.788,0.8,0.7905,0.76075,8,8,16
110,113,0.66,0.7919999999999999,0.806,0.8084999999999999,0.7625,8,8,16
111,114,0.91,0.776,0.795,0.8009999999999999,0.7615000000000001,8,8,16
112,115,0.67,0.8160000000000001,0.817,0.8055,0.75975,8,8,16
113,116,0.92,0.768,0.8,0.7929999999999999,0.7525000000000001,8,8,16
114,117,0.84,0.812,0.8,0.807,0.75725,8,8,16
115,118,0.83,0.8,0.7959999999999999,0.821,0.77125,8,8,16
116,119,0.7,0.834,0.805,0.8154999999999999,0.78225,8,8,16
117,120,0.24,0.792,0.8039999999999999,0.8039999999999999,0.78275,8,7,16
118,121,0.4,0.7060000000000001,0.737,0.7735,0.768,16,8,16
119,122,0.33,0.6020000000000001,0.7070000000000001,0.7535,0.75975,16,8,16
120,123,0.62,0.5,0.65,0.728,0.7462500000000001,16,8,16
121,124,0.85,0.458,0.646,0.7205,0.74925,16,8,16
122,125,0.85,0.488,0.6399999999999999,0.7285,0.7464999999999999,16,8,16
123,126,0.87,0.6100000000000001,0.6579999999999999,0.7289999999999999,0.75175,16,8,16
124,127,0.4,0.704,0.653,0.7264999999999999,0.7595,16,8,16
125,128,0.22,0.718,0.6090000000000001,0.7024999999999999,0.7495,16,8,16
126,129,0.41,0.638,0.5479999999999999,0.6765,0.73225,16,7,16
127,130,0.34,0.55,0.5189999999999999,0.6615,0.7245,16,8,16
128,131,0.29,0.44799999999999995,0.529,0.633,0.71325,16,7,16
129,132,0.87,0.332,0.518,0.6125,0.7015,16,8,16
130,133,0.7,0.426,0.5720000000000001,0.6109999999999999,0.70975,16,8,16
131,134,0.59,0.522,0.58,0.6129999999999999,0.7070000000000001,16,8,16
132,135,0.52,0.558,0.554,0.5969999999999998,0.7012499999999999,16,8,16
133,136,0.6,0.594,0.5209999999999999,0.5894999999999999,0.6912499999999999,16,8,16
134,137,0.57,0.6559999999999999,0.49399999999999994,0.5734999999999999,0.69025,16,8,16
135,138,0.74,0.596,0.5109999999999999,0.5599999999999999,0.6904999999999999,16,8,16
136,139,0.68,0.6039999999999999,0.5630000000000001,0.5555,0.6855,16,8,16
137,140,0.75,0.622,0.59,0.5545,0.6792499999999999,16,8,16
138,141,0.4,0.6679999999999999,0.631,0.58,0.67675,16,8,16
139,142,0.23,0.628,0.642,0.58,0.6667500000000001,16,8,16
140,143,0.38,0.5599999999999999,0.5780000000000001,0.575,0.6515000000000001,16,8,16
141,144,0.49,0.488,0.546,0.5630000000000001,0.64175,16,8,16
142,145,0.34,0.45,0.536,0.5450000000000002,0.6367499999999999,16,13,16
143,146,0.34,0.368,0.518,0.5195000000000001,0.62425,16,13,16
144,147,0.31,0.35600000000000004,0.492,0.493,0.60975,16,11,16
145,148,0.47,0.372,0.4659999999999999,0.4885,0.5955,16,8,16
146,149,0.97,0.39,0.43900000000000006,0.5010000000000001,0.58875,16,8,16
147,150,0.83,0.48599999999999993,0.46799999999999997,0.529,0.5952500000000001,16,8,16
148,151,0.85,0.584,0.476,0.5535,0.59325,16,8,16
149,152,0.66,0.686,0.5209999999999999,0.5815000000000001,0.5970000000000001,16,8,16
150,153,0.78,0.756,0.564,0.571,0.591,16,8,16
151,154,0.8,0.818,0.604,0.575,0.5940000000000001,16,8,16
152,155,0.62,0.784,0.635,0.5855,0.5912499999999999,16,8,16
153,156,0.58,0.742,0.663,0.5904999999999999,0.5900000000000001,16,8,16
154,157,0.88,0.6880000000000001,0.687,0.5895,0.5814999999999999,16,8,16
155,158,0.67,0.732,0.744,0.6050000000000001,0.5825,16,8,16
156,159,0.78,0.71,0.764,0.6015,0.5785,16,8,16
157,160,0.77,0.7060000000000001,0.745,0.6064999999999999,0.5805,16,8,16
158,161,0.28,0.736,0.7390000000000001,0.6075,0.59375,16,7,16
159,162,0.74,0.6759999999999999,0.6819999999999999,0.6014999999999999,0.59075,16,8,16
160,163,0.65,0.648,0.6900000000000002,0.627,0.601,16,8,16
161,164,0.59,0.644,0.677,0.6405,0.6017499999999999,16,8,16
162,165,0.41,0.606,0.656,0.6455,0.59525,16,13,16
163,166,0.44,0.534,0.635,0.649,0.5842499999999999,16,13,16
164,167,0.38,0.5660000000000001,0.621,0.654,0.5734999999999999,16,7,16
165,168,0.67,0.49399999999999994,0.5710000000000001,0.6575,0.573,16,8,16
166,169,0.5,0.49799999999999994,0.571,0.6675,0.5842499999999999,16,8,16
167,170,0.39,0.48,0.543,0.644,0.5865,16,8,16
168,171,0.4,0.4760000000000001,0.505,0.6220000000000001,0.58775,16,13,16
169,172,0.19,0.46799999999999997,0.517,0.5995000000000001,0.5904999999999999,16,13,16
170,173,0.22,0.43,0.462,0.576,0.5734999999999999,16,7,16
171,174,0.41,0.33999999999999997,0.41900000000000004,0.548,0.5615,16,11,16
172,175,0.27,0.32199999999999995,0.40099999999999997,0.5285,0.557,16,13,16
173,176,0.31,0.298,0.38700000000000007,0.5109999999999999,0.5507500000000001,16,7,16
174,177,0.35,0.28,0.374,0.49750000000000005,0.5435,16,17,16
175,178,0.46,0.312,0.371,0.471,0.538,16,7,16
176,179,0.44,0.36,0.35,0.4605,0.5309999999999999,16,7,16
177,180,0.34,0.366,0.344,0.44349999999999995,0.525,16,7,16
178,181,0.59,0.38,0.339,0.422,0.51475,16,8,16
179,182,0.44,0.43600000000000005,0.358,0.4375,0.5195000000000001,16,8,16
180,183,0.44,0.454,0.38299999999999995,0.42250000000000004,0.5247499999999999,16,8,16
181,184,0.49,0.45,0.40499999999999997,0.41200000000000003,0.52625,16,8,16
182,185,0.41,0.45999999999999996,0.413,0.40700000000000003,0.52625,16,8,16
183,186,0.4,0.47400000000000003,0.42700000000000005,0.40700000000000003,0.528,16,8,16
184,187,0.69,0.43600000000000005,0.43600000000000005,0.4050000000000001,0.5295,16,8,16
185,188,0.61,0.48599999999999993,0.4699999999999999,0.4205,0.539,16,8,16
186,189,0.46,0.5199999999999999,0.48500000000000004,0.4175,0.5425,16,8,16
187,190,0.67,0.514,0.487,0.41550000000000004,0.52975,16,8,16
188,191,0.64,0.566,0.52,0.4295,0.52575,16,8,16
189,192,0.72,0.614,0.525,0.4415,0.5205,16,8,16
190,193,0.6,0.6200000000000001,0.5529999999999999,0.4680000000000001,0.522,16,8,16
191,194,0.42,0.6180000000000001,0.5689999999999998,0.487,0.5175000000000001,16,8,16
192,195,0.37,0.6100000000000001,0.5619999999999999,0.4875,0.508,16,13,16
193,196,0.62,0.55,0.558,0.4925,0.50175,16,8,16
194,197,0.73,0.546,0.58,0.5079999999999999,0.50275,16,8,16
195,198,0.75,0.548,0.584,0.5269999999999999,0.499,16,8,16
196,199,0.57,0.5780000000000001,0.5980000000000001,0.5414999999999999,0.501,16,8,16
197,200,0.65,0.6079999999999999,0.609,0.5479999999999999,0.49574999999999997,16,8,16
198,201,0.53,0.6639999999999999,0.607,0.5635000000000001,0.49275,16,8,16
199,202,0.69,0.6459999999999999,0.596,0.5605,0.49899999999999994,16,8,16
200,203,0.62,0.638,0.593,0.573,0.49775,16,8,16
201,204,0.52,0.612,0.595,0.5819999999999999,0.497,16,8,16
202,205,0.67,0.6020000000000001,0.6050000000000001,0.5834999999999998,0.4952500000000001,16,8,16
203,206,0.33,0.606,0.635,0.5964999999999999,0.50175,16,11,16
204,207,0.68,0.5660000000000001,0.6060000000000001,0.593,0.499,16,8,16
205,208,0.57,0.5640000000000001,0.601,0.5924999999999999,0.5065,16,8,16
206,209,0.59,0.554,0.583,0.5904999999999999,0.504,16,8,16
207,210,0.59,0.568,0.5850000000000001,0.597,0.50625,16,8,16
208,211,0.49,0.5519999999999999,0.579,0.593,0.51125,16,8,16
209,212,0.39,0.584,0.575,0.5854999999999999,0.5135,16,8,16
210,213,0.37,0.526,0.545,0.569,0.5185,16,8,16
211,214,0.5,0.48600000000000004,0.52,0.5574999999999999,0.52225,16,8,16
212,215,0.47,0.4680000000000001,0.518,0.5614999999999999,0.5245,16,8,16
213,216,0.4,0.44399999999999995,0.49799999999999994,0.5665,0.5295,16,8,16
214,217,0.58,0.426,0.505,0.5555,0.53175,16,8,16
215,218,0.49,0.46399999999999997,0.495,0.548,0.5375,16,8,16
216,219,0.61,0.4880000000000001,0.487,0.535,0.53825,16,8,16
217,220,0.45,0.51,0.48900000000000005,0.537,0.5425,16,8,16
218,221,0.43,0.506,0.475,0.5269999999999999,0.54525,16,8,16
219,222,0.51,0.512,0.469,0.5219999999999999,0.54125,16,8,16
220,223,0.43,0.49800000000000005,0.481,0.5129999999999999,0.5429999999999999,16,8,16
221,224,0.45,0.48600000000000004,0.48699999999999993,0.5035,0.5427500000000001,16,8,16
222,225,0.36,0.454,0.48200000000000004,0.4999999999999999,0.5417500000000001,16,8,16
223,226,0.36,0.43599999999999994,0.471,0.4844999999999999,0.5405,16,8,16
224,227,0.35,0.422,0.46699999999999997,0.48599999999999993,0.5395,16,8,16
225,228,0.37,0.39,0.44399999999999995,0.4694999999999999,0.5309999999999999,16,8,16
226,229,0.48,0.378,0.43200000000000005,0.4594999999999999,0.525,16,8,16
227,230,0.38,0.384,0.41899999999999993,0.454,0.5255,16,8,16
228,231,0.57,0.388,0.41200000000000003,0.44350000000000006,0.51825,16,8,16
229,232,0.2,0.43,0.426,0.44750000000000006,0.5165,16,7,16
230,233,0.65,0.39999999999999997,0.395,0.438,0.5035000000000001,16,8,16
231,234,0.65,0.45599999999999996,0.417,0.45199999999999996,0.5047499999999999,16,8,16
232,235,0.65,0.48999999999999994,0.437,0.4595000000000001,0.5105000000000001,16,8,16
233,236,0.67,0.5439999999999999,0.4660000000000001,0.4685,0.5175,16,8,16
234,237,0.69,0.564,0.49700000000000005,0.48200000000000004,0.51875,16,8,16
235,238,0.33,0.662,0.531,0.4875,0.51775,16,11,16
236,239,0.6,0.5980000000000001,0.5269999999999999,0.4795,0.50725,16,8,16
237,240,0.64,0.588,0.5389999999999999,0.479,0.508,16,8,16
238,241,0.66,0.5860000000000001,0.565,0.4885,0.5077499999999999,16,8,16
239,242,0.75,0.5840000000000001,0.5740000000000001,0.5,0.5109999999999999,16,8,16
240,243,0.67,0.596,0.629,0.512,0.5125,16,8,16
241,244,0.21,0.6639999999999999,0.631,0.524,0.5137499999999999,16,7,16
242,245,0.59,0.586,0.587,0.512,0.506,16,8,16
243,246,0.52,0.576,0.581,0.5235000000000001,0.504,16,8,16
244,247,0.47,0.5479999999999999,0.5660000000000001,0.5315000000000001,0.50875,16,8,16
245,248,0.46,0.492,0.5439999999999998,0.5375000000000001,0.5035000000000001,16,8,16
246,249,0.47,0.45,0.557,0.542,0.50075,16,8,16
247,250,0.51,0.502,0.5439999999999999,0.5415000000000001,0.4977499999999999,16,8,16
248,251,0.57,0.48599999999999993,0.5309999999999999,0.5480000000000002,0.49574999999999997,16,8,16
249,252,0.32,0.496,0.522,0.548,0.4977499999999999,16,8,16
250,253,0.4,0.4659999999999999,0.479,0.554,0.4959999999999999,16,7,16
251,254,0.37,0.454,0.45200000000000007,0.5415,0.4967499999999999,16,11,16
252,255,0.36,0.43400000000000005,0.4680000000000001,0.5275000000000001,0.4934999999999999,16,8,16
253,256,0.24,0.404,0.445,0.513,0.4907499999999999,16,11,16
254,257,0.65,0.33799999999999997,0.417,0.4915,0.48674999999999996,16,8,16
255,258,0.7,0.404,0.43500000000000005,0.48949999999999994,0.4885,16,8,16
256,259,0.58,0.4640000000000001,0.45899999999999996,0.5079999999999999,0.49375,16,8,16
257,260,0.67,0.506,0.47000000000000003,0.507,0.493,16,8,16
258,261,0.52,0.568,0.48600000000000004,0.5085,0.49849999999999994,16,8,16
259,262,0.41,0.624,0.48100000000000004,0.5015,0.50075,16,7,16
260,263,0.21,0.576,0.49000000000000005,0.4845,0.49824999999999997,16,13,16
261,264,0.36,0.47800000000000004,0.471,0.4615,0.49275,16,11,16
262,265,0.64,0.434,0.47000000000000003,0.469,0.49049999999999994,16,8,16
263,266,0.72,0.42800000000000005,0.49799999999999994,0.4715,0.49749999999999994,16,8,16
264,267,0.6,0.46799999999999997,0.5459999999999999,0.48150000000000004,0.5065,16,8,16
265,268,0.47,0.506,0.5409999999999999,0.488,0.51275,16,8,15
266,269,0.23,0.558,0.5179999999999999,0.4885,0.51525,16,7,15
267,270,0.5,0.5319999999999999,0.483,0.47650000000000003,0.509,16,8,15
268,271,0.36,0.504,0.466,0.4760000000000001,0.5119999999999999,16,8,15
269,272,0.41,0.43199999999999994,0.45,0.4655,0.50675,16,7,15
270,273,0.37,0.394,0.45,0.47000000000000003,0.5119999999999999,16,8,15
271,274,0.34,0.37399999999999994,0.466,0.46849999999999997,0.505,16,8,15
272,275,0.32,0.396,0.46399999999999997,0.46699999999999997,0.4972499999999999,16,11,15
273,276,0.33,0.36000000000000004,0.43199999999999994,0.46499999999999997,0.489,16,11,15
274,277,0.25,0.35400000000000004,0.39299999999999996,0.46950000000000003,0.4805,16,7,15
275,278,0.22,0.322,0.358,0.4495,0.46950000000000003,16,7,14
276,279,0.36,0.292,0.333,0.4255000000000001,0.46674999999999994,16,11,14
277,280,0.35,0.296,0.34600000000000003,0.4145,0.46075,16,8,14
278,281,0.4,0.30200000000000005,0.331,0.39849999999999997,0.4535,16,11,14
279,282,0.36,0.316,0.335,0.39249999999999996,0.44699999999999995,16,11,14
280,283,0.21,0.33799999999999997,0.32999999999999996,0.39,0.43725,16,7,14
281,284,0.35,0.33599999999999997,0.314,0.39,0.42575,16,11,14
282,285,0.45,0.33399999999999996,0.315,0.3895,0.42925,16,11,14
283,286,0.44,0.354,0.328,0.38,0.42575,16,11,12
284,287,0.52,0.362,0.339,0.366,0.42375000000000007,16,11,12
285,288,0.43,0.394,0.366,0.362,0.425,16,11,12
286,289,0.34,0.438,0.387,0.36,0.42424999999999996,16,8,12
287,290,0.43,0.43600000000000005,0.385,0.36550000000000005,0.421,16,11,12
288,291,0.5,0.43200000000000005,0.39299999999999996,0.36199999999999993,0.41900000000000004,16,11,12
289,292,0.5,0.44399999999999995,0.403,0.36899999999999994,0.41724999999999995,16,11,12
290,293,0.56,0.44000000000000006,0.417,0.37349999999999994,0.42175,16,11,12
291,294,0.53,0.466,0.45199999999999996,0.383,0.42575,16,11,12
292,295,0.58,0.504,0.47000000000000003,0.3925,0.42975,16,11,12
293,296,0.37,0.534,0.483,0.40549999999999997,0.4352499999999999,16,8,12
294,297,0.49,0.508,0.476,0.40750000000000003,0.4385,16,11,12
295,298,0.59,0.506,0.47300000000000003,0.41950000000000004,0.4345,16,11,12
296,299,0.49,0.512,0.489,0.438,0.43174999999999997,16,11,12
297,300,0.31,0.5039999999999999,0.504,0.4445,0.4295,16,8,12
298,301,0.3,0.45,0.492,0.44250000000000006,0.4205,16,11,12
299,302,0.31,0.43600000000000005,0.47199999999999986,0.4375000000000001,0.41500000000000004,16,7,12
300,303,0.36,0.4,0.45299999999999996,0.43500000000000005,0.4125,16,11,12
301,304,0.32,0.354,0.433,0.4425,0.41624999999999995,16,11,12
302,305,0.56,0.31999999999999995,0.41200000000000003,0.441,0.41525,16,11,12
303,306,0.47,0.37,0.41,0.4465,0.41325,16,11,12
304,307,0.39,0.404,0.42000000000000004,0.44800000000000006,0.40700000000000003,16,11,12
305,308,0.38,0.42000000000000004,0.41,0.4415000000000001,0.40175,16,11,12
306,309,0.32,0.42400000000000004,0.389,0.43900000000000017,0.39949999999999997,16,11,12
307,310,0.29,0.42399999999999993,0.372,0.438,0.40175,16,8,12
308,311,0.3,0.37,0.37,0.43099999999999994,0.39649999999999996,16,8,12
309,312,0.56,0.336,0.37,0.421,0.395,16,11,12
310,313,0.28,0.37,0.39499999999999996,0.42400000000000004,0.39875,16,8,12
311,314,0.42,0.35,0.387,0.41,0.39649999999999996,16,8,12
312,315,0.43,0.37,0.3970000000000001,0.4045000000000001,0.3985,16,8,12
313,316,0.39,0.398,0.384,0.397,0.40125,16,8,12
314,317,0.42,0.41600000000000004,0.376,0.39799999999999996,0.40275,16,8,12
315,318,0.38,0.388,0.379,0.39449999999999996,0.40700000000000003,16,8,12
316,319,0.35,0.40800000000000003,0.379,0.384,0.41100000000000003,16,8,12
317,320,0.32,0.394,0.382,0.37699999999999995,0.41075,16,11,12
318,321,0.3,0.372,0.385,0.3775,0.41,16,11,12
319,322,0.39,0.354,0.38499999999999995,0.37749999999999995,0.40750000000000003,16,11,12
320,323,0.42,0.34800000000000003,0.368,0.38149999999999995,0.40824999999999995,16,11,12
321,324,0.71,0.356,0.382,0.38449999999999995,0.4135,16,11,12
322,325,0.39,0.42799999999999994,0.4109999999999999,0.4039999999999999,0.4225,16,11,12
323,326,0.4,0.442,0.40700000000000003,0.39549999999999996,0.421,16,11,12
324,327,0.35,0.462,0.40800000000000003,0.392,0.41999999999999993,16,11,12
325,328,0.3,0.454,0.40099999999999997,0.39,0.41575000000000006,16,11,12
326,329,0.54,0.43,0.39299999999999996,0.386,0.4125,16,11,12
327,330,0.28,0.396,0.41200000000000003,0.397,0.4175,16,10,12
328,331,0.24,0.374,0.40800000000000003,0.39649999999999996,0.41375,16,7,12
329,332,0.33,0.34199999999999997,0.402,0.3935,0.40725,16,11,12
330,333,0.4,0.338,0.396,0.382,0.403,16,11,12
331,334,0.53,0.358,0.394,0.388,0.399,16,11,12
332,335,0.4,0.356,0.376,0.39350000000000007,0.399,16,11,12
333,336,0.25,0.38,0.377,0.392,0.3945,16,8,12
334,337,0.25,0.382,0.362,0.38500000000000006,0.3915,16,13,12
335,338,0.56,0.366,0.35200000000000004,0.3765,0.38550000000000006,16,11,12
336,339,0.55,0.398,0.378,0.38550000000000006,0.38475000000000004,16,11,11
337,340,0.47,0.40199999999999997,0.379,0.3955000000000001,0.38625000000000004,16,11,11
338,341,0.33,0.41600000000000004,0.39799999999999996,0.403,0.39025000000000004,16,10,11
339,342,0.51,0.43200000000000005,0.40700000000000003,0.40449999999999997,0.391,16,11,11
340,343,0.47,0.484,0.425,0.4105,0.396,16,7,11
341,344,0.53,0.466,0.43200000000000005,0.413,0.39875000000000005,16,11,11
342,345,0.36,0.462,0.43200000000000005,0.404,0.404,16,7,11
343,346,0.61,0.44000000000000006,0.42800000000000005,0.4025,0.399,16,7,11
344,347,0.64,0.496,0.4640000000000001,0.4130000000000001,0.4025,16,7,11
345,348,0.34,0.522,0.503,0.42750000000000005,0.40875000000000006,16,11,11
346,349,0.44,0.496,0.481,0.4295000000000001,0.40774999999999995,16,7,11
347,350,0.34,0.47800000000000004,0.47000000000000003,0.4245,0.41075,16,7,11
348,351,0.48,0.47400000000000003,0.457,0.42749999999999994,0.41200000000000003,16,11,11
349,352,0.62,0.44800000000000006,0.4720000000000001,0.43950000000000006,0.4165,16,7,11
350,353,0.5,0.44400000000000006,0.483,0.4539999999999999,0.418,16,7,11
351,354,0.39,0.476,0.48600000000000004,0.45899999999999996,0.42350000000000004,16,11,11
352,355,0.36,0.466,0.472,0.45199999999999996,0.42275,16,7,11
353,356,0.64,0.47000000000000003,0.4720000000000001,0.45,0.421,16,11,11
354,357,0.56,0.502,0.475,0.46950000000000003,0.42725,16,7,10
355,358,0.36,0.49000000000000005,0.46699999999999997,0.48500000000000004,0.43075,16,11,10
356,359,0.39,0.462,0.46900000000000003,0.475,0.43025,16,11,10
357,360,0.46,0.462,0.4640000000000001,0.46699999999999997,0.43125,16,7,10
358,361,0.4,0.48200000000000004,0.476,0.4665,0.43475,16,7,10
359,362,0.35,0.434,0.4680000000000001,0.47000000000000003,0.43725,16,7,10
360,363,0.39,0.392,0.441,0.462,0.4362500000000001,16,7,10
361,364,0.41,0.398,0.43000000000000005,0.458,0.43550000000000005,16,7,10
362,365,0.54,0.402,0.43200000000000005,0.45200000000000007,0.42800000000000005,16,10,10
363,366,0.46,0.418,0.45,0.46099999999999997,0.4317500000000001,16,7,10
364,367,0.36,0.43,0.43200000000000005,0.4535,0.43325,16,7,10
365,368,0.5,0.43200000000000005,0.41200000000000003,0.43949999999999995,0.4335000000000001,16,7,10
366,369,0.37,0.454,0.426,0.44750000000000006,0.4385,16,7,10
367,370,0.38,0.446,0.42400000000000004,0.44399999999999995,0.43425000000000014,16,7,10
368,371,0.42,0.414,0.41600000000000004,0.44600000000000006,0.43674999999999997,16,7,10
369,372,0.49,0.40599999999999997,0.418,0.44300000000000006,0.44125000000000003,16,11,10
370,373,0.59,0.43200000000000005,0.43200000000000005,0.4365,0.44525,16,7,9
371,374,0.51,0.45,0.45199999999999996,0.441,0.45,16,7,9
372,375,0.47,0.4779999999999999,0.4619999999999999,0.44699999999999995,0.4494999999999999,16,7,9
373,376,0.45,0.4959999999999999,0.45499999999999996,0.4525,0.45125000000000004,16,7,9
374,377,0.56,0.502,0.454,0.44299999999999995,0.45625,16,7,9
375,378,0.41,0.516,0.47400000000000003,0.44299999999999995,0.4640000000000001,16,7,9
376,379,0.46,0.48,0.465,0.4455,0.46025,16,11,9
377,380,0.42,0.47000000000000003,0.47400000000000003,0.449,0.458,16,7,9
378,381,0.59,0.45999999999999996,0.4779999999999999,0.44700000000000006,0.4567500000000001,16,11,9
379,382,0.39,0.488,0.495,0.4565,0.46325000000000005,16,11,9
380,383,0.58,0.454,0.485,0.4585,0.46025,16,7,9
381,384,0.46,0.488,0.484,0.46799999999999997,0.46299999999999997,16,7,9
382,385,0.44,0.488,0.479,0.47050000000000003,0.46125,16,7,9
383,386,0.49,0.492,0.4760000000000001,0.4654999999999999,0.46325000000000005,16,7,9
384,387,0.5,0.472,0.4800000000000001,0.46699999999999997,0.46024999999999994,16,7,9
385,388,0.41,0.49399999999999994,0.47400000000000003,0.4739999999999999,0.45675,16,7,9
386,389,0.6,0.4600000000000001,0.47400000000000003,0.46950000000000003,0.4584999999999999,16,7,9
387,390,0.48,0.488,0.488,0.481,0.4625,16,7,9
388,391,0.44,0.496,0.49399999999999994,0.48600000000000004,0.466,16,7,9
389,392,0.56,0.48599999999999993,0.479,0.48699999999999993,0.465,16,7,9
390,393,0.43,0.49800000000000005,0.4960000000000001,0.49050000000000005,0.46349999999999997,16,10,9
391,394,0.47,0.502,0.48100000000000004,0.48250000000000004,0.46175,16,7,9
392,395,0.35,0.476,0.48199999999999993,0.48050000000000004,0.46374999999999994,16,7,9
393,396,0.39,0.45,0.473,0.47450000000000003,0.46349999999999997,16,10,9
394,397,0.31,0.44000000000000006,0.4629999999999999,0.4715,0.45725,16,7,9
395,398,0.36,0.39,0.44399999999999995,0.4590000000000001,0.45099999999999996,16,7,9
396,399,0.35,0.376,0.43899999999999995,0.4565,0.45099999999999996,16,7,8
397,400,0.36,0.35200000000000004,0.414,0.45099999999999996,0.45,16,11,8
398,401,0.34,0.354,0.40199999999999997,0.44799999999999995,0.44749999999999995,16,11,8
399,402,0.41,0.344,0.39199999999999996,0.43550000000000005,0.446,16,10,8
400,403,0.31,0.364,0.37699999999999995,0.4365,0.44749999999999995,16,13,8
401,404,0.22,0.354,0.365,0.42300000000000004,0.4455,16,7,8
402,405,0.48,0.32799999999999996,0.34,0.4109999999999999,0.44075,16,7,8
403,406,0.63,0.352,0.35300000000000004,0.413,0.43925000000000003,16,7,8
404,407,0.48,0.41,0.377,0.42000000000000004,0.44350000000000006,16,7,8
405,408,0.32,0.42400000000000004,0.394,0.41899999999999993,0.4465,16,25,8
406,409,0.36,0.426,0.38999999999999996,0.4145,0.442,16,10,8
407,410,0.42,0.454,0.3909999999999999,0.40249999999999997,0.44175,16,10,8
408,411,0.48,0.442,0.39699999999999996,0.3995000000000001,0.44275000000000003,16,7,8
409,412,0.49,0.41200000000000003,0.4109999999999999,0.40149999999999997,0.4442499999999999,16,7,8
410,413,0.57,0.414,0.41899999999999993,0.398,0.44425,16,7,8
411,414,0.32,0.46399999999999997,0.445,0.40499999999999997,0.44375,16,10,8
412,415,0.58,0.45599999999999996,0.45500000000000007,0.3975000000000001,0.43900000000000006,16,7,8
413,416,0.51,0.488,0.465,0.409,0.44175,16,7,8
414,417,0.63,0.49399999999999994,0.45299999999999996,0.41500000000000004,0.44325000000000003,16,10,8
415,418,0.45,0.522,0.46799999999999997,0.43100000000000005,0.44499999999999995,16,10,8
416,419,0.31,0.49800000000000005,0.481,0.43549999999999994,0.446,16,7,8
417,420,0.31,0.496,0.476,0.4335,0.4422499999999999,16,10,8
418,421,0.31,0.442,0.46499999999999986,0.43100000000000005,0.43949999999999995,16,11,8
419,422,0.25,0.402,0.44799999999999995,0.4295,0.43249999999999994,16,10,8
420,423,0.24,0.326,0.42400000000000004,0.4215,0.429,16,10,8
421,424,0.38,0.284,0.391,0.418,0.4205,16,27,8
422,425,0.35,0.29799999999999993,0.39699999999999996,0.426,0.41850000000000004,16,27,8
423,426,0.38,0.30600000000000005,0.374,0.41950000000000004,0.41624999999999995,16,7,8
424,427,0.61,0.32,0.36100000000000004,0.40700000000000003,0.4135,16,7,8
425,428,0.3,0.392,0.35899999999999993,0.4135,0.41624999999999995,16,7,8
426,429,0.61,0.4039999999999999,0.344,0.4125,0.4135000000000001,16,10,7
427,430,0.79,0.45,0.374,0.425,0.41375,16,10,7
428,431,0.67,0.538,0.42200000000000004,0.44350000000000006,0.4215,16,10,7
429,432,0.77,0.596,0.458,0.453,0.42725,16,11,7
430,433,0.44,0.628,0.51,0.46699999999999997,0.4325,16,7,7
431,434,0.51,0.6559999999999999,0.53,0.46049999999999996,0.43274999999999997,16,7,7
432,435,0.39,0.6359999999999999,0.5429999999999999,0.4699999999999999,0.43375,16,7,7
433,436,0.56,0.5559999999999999,0.5469999999999999,0.46049999999999996,0.43475,16,7,7
434,437,0.38,0.534,0.5649999999999998,0.4630000000000001,0.43899999999999995,16,25,7
435,438,0.43,0.45599999999999996,0.542,0.45050000000000007,0.44075,16,25,7
436,439,0.33,0.454,0.5549999999999999,0.4495,0.4425,16,7,7
437,440,0.39,0.418,0.5269999999999999,0.45050000000000007,0.442,16,25,7
438,441,0.37,0.41800000000000004,0.487,0.4545,0.44275000000000003,16,10,7
439,442,0.4,0.38000000000000006,0.457,0.4575,0.44350000000000006,16,10,7
440,443,0.55,0.384,0.42000000000000004,0.465,0.44325000000000003,16,7,7
441,444,0.5,0.40800000000000003,0.43100000000000005,0.48050000000000004,0.44925,16,7,7
442,445,0.56,0.442,0.43,0.48650000000000004,0.45625,16,7,7
443,446,0.55,0.476,0.44700000000000006,0.49700000000000005,0.45824999999999994,16,7,7
444,447,0.37,0.5120000000000001,0.446,0.5055000000000002,0.45625,16,11,7
445,448,0.41,0.506,0.445,0.49350000000000005,0.4535,16,10,7
446,449,0.37,0.47800000000000004,0.44300000000000006,0.499,0.45575,16,11,7
447,450,0.3,0.45199999999999996,0.44699999999999995,0.48699999999999993,0.45600000000000007,16,25,7
448,451,0.33,0.4,0.438,0.4625,0.453,16,11,7
449,452,0.34,0.356,0.43400000000000005,0.4455,0.44925,16,25,7
450,453,0.54,0.35000000000000003,0.42800000000000005,0.42400000000000004,0.4455,16,11,7
